province,confirmed,date
검역,3,2020년 09월 03일 00시
제주,0,2020년 09월 03일 00시
경남,0,2020년 09월 03일 00시
경북,0,2020년 09월 03일 00시
전남,6,2020년 09월 03일 00시
전북,0,2020년 09월 03일 00시
충남,7,2020년 09월 03일 00시
충북,1,2020년 09월 03일 00시
강원,4,2020년 09월 03일 00시
경기,64,2020년 09월 03일 00시
세종,0,2020년 09월 03일 00시
울산,8,2020년 09월 03일 00시
대전,4,2020년 09월 03일 00시
광주,6,2020년 09월 03일 00시
인천,16,2020년 09월 03일 00시
대구,3,2020년 09월 03일 00시
부산,4,2020년 09월 03일 00시
서울,69,2020년 09월 03일 00시
합계,195,2020년 09월 03일 00시
검역,3,2020년 09월 02일 00시
제주,1,2020년 09월 02일 00시
경남,1,2020년 09월 02일 00시
경북,4,2020년 09월 02일 00시
전남,3,2020년 09월 02일 00시
전북,0,2020년 09월 02일 00시
충남,7,2020년 09월 02일 00시
충북,1,2020년 09월 02일 00시
강원,2,2020년 09월 02일 00시
경기,84,2020년 09월 02일 00시
세종,0,2020년 09월 02일 00시
울산,5,2020년 09월 02일 00시
대전,14,2020년 09월 02일 00시
광주,10,2020년 09월 02일 00시
인천,11,2020년 09월 02일 00시
대구,13,2020년 09월 02일 00시
부산,7,2020년 09월 02일 00시
서울,101,2020년 09월 02일 00시
합계,267,2020년 09월 02일 00시
검역,4,2020년 09월 01일 00시
제주,1,2020년 09월 01일 00시
경남,3,2020년 09월 01일 00시
경북,9,2020년 09월 01일 00시
전남,4,2020년 09월 01일 00시
전북,0,2020년 09월 01일 00시
충남,7,2020년 09월 01일 00시
충북,1,2020년 09월 01일 00시
강원,4,2020년 09월 01일 00시
경기,63,2020년 09월 01일 00시
세종,0,2020년 09월 01일 00시
울산,6,2020년 09월 01일 00시
대전,8,2020년 09월 01일 00시
광주,4,2020년 09월 01일 00시
인천,22,2020년 09월 01일 00시
대구,2,2020년 09월 01일 00시
부산,3,2020년 09월 01일 00시
서울,94,2020년 09월 01일 00시
합계,235,2020년 09월 01일 00시
검역,3,2020년 08월 31일 00시
제주,6,2020년 08월 31일 00시
경남,1,2020년 08월 31일 00시
경북,2,2020년 08월 31일 00시
전남,5,2020년 08월 31일 00시
전북,1,2020년 08월 31일 00시
충남,9,2020년 08월 31일 00시
충북,1,2020년 08월 31일 00시
강원,3,2020년 08월 31일 00시
경기,79,2020년 08월 31일 00시
세종,1,2020년 08월 31일 00시
울산,5,2020년 08월 31일 00시
대전,7,2020년 08월 31일 00시
광주,9,2020년 08월 31일 00시
인천,14,2020년 08월 31일 00시
대구,4,2020년 08월 31일 00시
부산,4,2020년 08월 31일 00시
서울,94,2020년 08월 31일 00시
합계,248,2020년 08월 31일 00시
검역,7,2020년 08월 30일 00시
제주,2,2020년 08월 30일 00시
경남,7,2020년 08월 30일 00시
경북,3,2020년 08월 30일 00시
전남,8,2020년 08월 30일 00시
전북,0,2020년 08월 30일 00시
충남,8,2020년 08월 30일 00시
충북,5,2020년 08월 30일 00시
강원,2,2020년 08월 30일 00시
경기,80,2020년 08월 30일 00시
세종,1,2020년 08월 30일 00시
울산,3,2020년 08월 30일 00시
대전,6,2020년 08월 30일 00시
광주,2,2020년 08월 30일 00시
인천,13,2020년 08월 30일 00시
대구,30,2020년 08월 30일 00시
부산,6,2020년 08월 30일 00시
서울,116,2020년 08월 30일 00시
합계,299,2020년 08월 30일 00시
검역,5,2020년 08월 29일 00시
제주,1,2020년 08월 29일 00시
경남,12,2020년 08월 29일 00시
경북,1,2020년 08월 29일 00시
전남,9,2020년 08월 29일 00시
전북,0,2020년 08월 29일 00시
충남,8,2020년 08월 29일 00시
충북,6,2020년 08월 29일 00시
강원,0,2020년 08월 29일 00시
경기,104,2020년 08월 29일 00시
세종,0,2020년 08월 29일 00시
울산,0,2020년 08월 29일 00시
대전,4,2020년 08월 29일 00시
광주,16,2020년 08월 29일 00시
인천,20,2020년 08월 29일 00시
대구,6,2020년 08월 29일 00시
부산,6,2020년 08월 29일 00시
서울,125,2020년 08월 29일 00시
합계,323,2020년 08월 29일 00시
검역,8,2020년 08월 28일 00시
제주,2,2020년 08월 28일 00시
경남,4,2020년 08월 28일 00시
경북,1,2020년 08월 28일 00시
전남,12,2020년 08월 28일 00시
전북,2,2020년 08월 28일 00시
충남,9,2020년 08월 28일 00시
충북,5,2020년 08월 28일 00시
강원,3,2020년 08월 28일 00시
경기,113,2020년 08월 28일 00시
세종,2,2020년 08월 28일 00시
울산,1,2020년 08월 28일 00시
대전,3,2020년 08월 28일 00시
광주,17,2020년 08월 28일 00시
인천,27,2020년 08월 28일 00시
대구,8,2020년 08월 28일 00시
부산,8,2020년 08월 28일 00시
서울,146,2020년 08월 28일 00시
합계,371,2020년 08월 28일 00시
검역,3,2020년 08월 27일 00시
제주,1,2020년 08월 27일 00시
경남,8,2020년 08월 27일 00시
경북,4,2020년 08월 27일 00시
전남,13,2020년 08월 27일 00시
전북,2,2020년 08월 27일 00시
충남,15,2020년 08월 27일 00시
충북,1,2020년 08월 27일 00시
강원,14,2020년 08월 27일 00시
경기,102,2020년 08월 27일 00시
세종,0,2020년 08월 27일 00시
울산,2,2020년 08월 27일 00시
대전,3,2020년 08월 27일 00시
광주,39,2020년 08월 27일 00시
인천,59,2020년 08월 27일 00시
대구,13,2020년 08월 27일 00시
부산,8,2020년 08월 27일 00시
서울,154,2020년 08월 27일 00시
합계,441,2020년 08월 27일 00시
검역,3,2020년 08월 26일 00시
제주,2,2020년 08월 26일 00시
경남,5,2020년 08월 26일 00시
경북,0,2020년 08월 26일 00시
전남,13,2020년 08월 26일 00시
전북,7,2020년 08월 26일 00시
충남,12,2020년 08월 26일 00시
충북,0,2020년 08월 26일 00시
강원,18,2020년 08월 26일 00시
경기,98,2020년 08월 26일 00시
세종,0,2020년 08월 26일 00시
울산,2,2020년 08월 26일 00시
대전,7,2020년 08월 26일 00시
광주,7,2020년 08월 26일 00시
인천,27,2020년 08월 26일 00시
대구,3,2020년 08월 26일 00시
부산,4,2020년 08월 26일 00시
서울,112,2020년 08월 26일 00시
합계,320,2020년 08월 26일 00시
검역,3,2020년 08월 25일 00시
제주,3,2020년 08월 25일 00시
경남,2,2020년 08월 25일 00시
경북,1,2020년 08월 25일 00시
전남,1,2020년 08월 25일 00시
전북,4,2020년 08월 25일 00시
충남,9,2020년 08월 25일 00시
충북,2,2020년 08월 25일 00시
강원,8,2020년 08월 25일 00시
경기,72,2020년 08월 25일 00시
세종,3,2020년 08월 25일 00시
울산,0,2020년 08월 25일 00시
대전,11,2020년 08월 25일 00시
광주,4,2020년 08월 25일 00시
인천,15,2020년 08월 25일 00시
대구,5,2020년 08월 25일 00시
부산,3,2020년 08월 25일 00시
서울,134,2020년 08월 25일 00시
합계,280,2020년 08월 25일 00시
검역,4,2020년 08월 24일 00시
제주,0,2020년 08월 24일 00시
경남,1,2020년 08월 24일 00시
경북,6,2020년 08월 24일 00시
전남,7,2020년 08월 24일 00시
전북,4,2020년 08월 24일 00시
충남,8,2020년 08월 24일 00시
충북,10,2020년 08월 24일 00시
강원,6,2020년 08월 24일 00시
경기,85,2020년 08월 24일 00시
세종,3,2020년 08월 24일 00시
울산,1,2020년 08월 24일 00시
대전,10,2020년 08월 24일 00시
광주,1,2020년 08월 24일 00시
인천,20,2020년 08월 24일 00시
대구,0,2020년 08월 24일 00시
부산,3,2020년 08월 24일 00시
서울,97,2020년 08월 24일 00시
합계,266,2020년 08월 24일 00시
검역,4,2020년 08월 23일 00시
제주,0,2020년 08월 23일 00시
경남,9,2020년 08월 23일 00시
경북,2,2020년 08월 23일 00시
전남,14,2020년 08월 23일 00시
전북,0,2020년 08월 23일 00시
충남,10,2020년 08월 23일 00시
충북,3,2020년 08월 23일 00시
강원,15,2020년 08월 23일 00시
경기,125,2020년 08월 23일 00시
세종,0,2020년 08월 23일 00시
울산,3,2020년 08월 23일 00시
대전,15,2020년 08월 23일 00시
광주,17,2020년 08월 23일 00시
인천,32,2020년 08월 23일 00시
대구,6,2020년 08월 23일 00시
부산,2,2020년 08월 23일 00시
서울,140,2020년 08월 23일 00시
합계,397,2020년 08월 23일 00시
검역,4,2020년 08월 22일 00시
제주,2,2020년 08월 22일 00시
경남,9,2020년 08월 22일 00시
경북,4,2020년 08월 22일 00시
전남,7,2020년 08월 22일 00시
전북,4,2020년 08월 22일 00시
충남,7,2020년 08월 22일 00시
충북,2,2020년 08월 22일 00시
강원,16,2020년 08월 22일 00시
경기,95,2020년 08월 22일 00시
세종,1,2020년 08월 22일 00시
울산,3,2020년 08월 22일 00시
대전,5,2020년 08월 22일 00시
광주,11,2020년 08월 22일 00시
인천,22,2020년 08월 22일 00시
대구,9,2020년 08월 22일 00시
부산,3,2020년 08월 22일 00시
서울,128,2020년 08월 22일 00시
합계,332,2020년 08월 22일 00시
검역,3,2020년 08월 21일 00시
제주,0,2020년 08월 21일 00시
경남,4,2020년 08월 21일 00시
경북,6,2020년 08월 21일 00시
전남,6,2020년 08월 21일 00시
전북,5,2020년 08월 21일 00시
충남,13,2020년 08월 21일 00시
충북,3,2020년 08월 21일 00시
강원,9,2020년 08월 21일 00시
경기,103,2020년 08월 21일 00시
세종,3,2020년 08월 21일 00시
울산,1,2020년 08월 21일 00시
대전,7,2020년 08월 21일 00시
광주,5,2020년 08월 21일 00시
인천,18,2020년 08월 21일 00시
대구,4,2020년 08월 21일 00시
부산,8,2020년 08월 21일 00시
서울,126,2020년 08월 21일 00시
합계,324,2020년 08월 21일 00시
검역,2,2020년 08월 20일 00시
제주,0,2020년 08월 20일 00시
경남,3,2020년 08월 20일 00시
경북,5,2020년 08월 20일 00시
전남,3,2020년 08월 20일 00시
전북,6,2020년 08월 20일 00시
충남,5,2020년 08월 20일 00시
충북,1,2020년 08월 20일 00시
강원,5,2020년 08월 20일 00시
경기,85,2020년 08월 20일 00시
세종,1,2020년 08월 20일 00시
울산,0,2020년 08월 20일 00시
대전,8,2020년 08월 20일 00시
광주,1,2020년 08월 20일 00시
인천,10,2020년 08월 20일 00시
대구,3,2020년 08월 20일 00시
부산,15,2020년 08월 20일 00시
서울,135,2020년 08월 20일 00시
합계,288,2020년 08월 20일 00시
검역,2,2020년 08월 19일 00시
제주,0,2020년 08월 19일 00시
경남,1,2020년 08월 19일 00시
경북,3,2020년 08월 19일 00시
전남,2,2020년 08월 19일 00시
전북,1,2020년 08월 19일 00시
충남,3,2020년 08월 19일 00시
충북,2,2020년 08월 19일 00시
강원,6,2020년 08월 19일 00시
경기,99,2020년 08월 19일 00시
세종,2,2020년 08월 19일 00시
울산,0,2020년 08월 19일 00시
대전,0,2020년 08월 19일 00시
광주,6,2020년 08월 19일 00시
인천,8,2020년 08월 19일 00시
대구,2,2020년 08월 19일 00시
부산,9,2020년 08월 19일 00시
서울,151,2020년 08월 19일 00시
합계,297,2020년 08월 19일 00시
검역,6,2020년 08월 18일 00시
제주,0,2020년 08월 18일 00시
경남,0,2020년 08월 18일 00시
경북,3,2020년 08월 18일 00시
전남,0,2020년 08월 18일 00시
전북,7,2020년 08월 18일 00시
충남,5,2020년 08월 18일 00시
충북,1,2020년 08월 18일 00시
강원,2,2020년 08월 18일 00시
경기,52,2020년 08월 18일 00시
세종,0,2020년 08월 18일 00시
울산,3,2020년 08월 18일 00시
대전,0,2020년 08월 18일 00시
광주,4,2020년 08월 18일 00시
인천,18,2020년 08월 18일 00시
대구,6,2020년 08월 18일 00시
부산,7,2020년 08월 18일 00시
서울,132,2020년 08월 18일 00시
합계,246,2020년 08월 18일 00시
검역,2,2020년 08월 17일 00시
제주,0,2020년 08월 17일 00시
경남,0,2020년 08월 17일 00시
경북,2,2020년 08월 17일 00시
전남,0,2020년 08월 17일 00시
전북,1,2020년 08월 17일 00시
충남,4,2020년 08월 17일 00시
충북,3,2020년 08월 17일 00시
강원,1,2020년 08월 17일 00시
경기,70,2020년 08월 17일 00시
세종,0,2020년 08월 17일 00시
울산,0,2020년 08월 17일 00시
대전,2,2020년 08월 17일 00시
광주,7,2020년 08월 17일 00시
인천,7,2020년 08월 17일 00시
대구,1,2020년 08월 17일 00시
부산,7,2020년 08월 17일 00시
서울,90,2020년 08월 17일 00시
합계,197,2020년 08월 17일 00시
검역,0,2020년 08월 16일 00시
제주,0,2020년 08월 16일 00시
경남,2,2020년 08월 16일 00시
경북,0,2020년 08월 16일 00시
전남,0,2020년 08월 16일 00시
전북,0,2020년 08월 16일 00시
충남,5,2020년 08월 16일 00시
충북,1,2020년 08월 16일 00시
강원,0,2020년 08월 16일 00시
경기,98,2020년 08월 16일 00시
세종,0,2020년 08월 16일 00시
울산,3,2020년 08월 16일 00시
대전,0,2020년 08월 16일 00시
광주,7,2020년 08월 16일 00시
인천,9,2020년 08월 16일 00시
대구,1,2020년 08월 16일 00시
부산,7,2020년 08월 16일 00시
서울,146,2020년 08월 16일 00시
합계,279,2020년 08월 16일 00시
검역,2,2020년 08월 15일 00시
제주,0,2020년 08월 15일 00시
경남,1,2020년 08월 15일 00시
경북,0,2020년 08월 15일 00시
전남,0,2020년 08월 15일 00시
전북,1,2020년 08월 15일 00시
충남,2,2020년 08월 15일 00시
충북,0,2020년 08월 15일 00시
강원,3,2020년 08월 15일 00시
경기,72,2020년 08월 15일 00시
세종,0,2020년 08월 15일 00시
울산,0,2020년 08월 15일 00시
대전,1,2020년 08월 15일 00시
광주,1,2020년 08월 15일 00시
인천,6,2020년 08월 15일 00시
대구,0,2020년 08월 15일 00시
부산,3,2020년 08월 15일 00시
서울,74,2020년 08월 15일 00시
합계,166,2020년 08월 15일 00시
검역,7,2020년 08월 14일 00시
제주,0,2020년 08월 14일 00시
경남,0,2020년 08월 14일 00시
경북,1,2020년 08월 14일 00시
전남,0,2020년 08월 14일 00시
전북,0,2020년 08월 14일 00시
충남,3,2020년 08월 14일 00시
충북,0,2020년 08월 14일 00시
강원,1,2020년 08월 14일 00시
경기,47,2020년 08월 14일 00시
세종,0,2020년 08월 14일 00시
울산,1,2020년 08월 14일 00시
대전,0,2020년 08월 14일 00시
광주,2,2020년 08월 14일 00시
인천,4,2020년 08월 14일 00시
대구,0,2020년 08월 14일 00시
부산,5,2020년 08월 14일 00시
서울,32,2020년 08월 14일 00시
합계,103,2020년 08월 14일 00시
검역,3,2020년 08월 13일 00시
제주,0,2020년 08월 13일 00시
경남,1,2020년 08월 13일 00시
경북,0,2020년 08월 13일 00시
전남,0,2020년 08월 13일 00시
전북,2,2020년 08월 13일 00시
충남,1,2020년 08월 13일 00시
충북,0,2020년 08월 13일 00시
강원,0,2020년 08월 13일 00시
경기,17,2020년 08월 13일 00시
세종,0,2020년 08월 13일 00시
울산,1,2020년 08월 13일 00시
대전,0,2020년 08월 13일 00시
광주,2,2020년 08월 13일 00시
인천,0,2020년 08월 13일 00시
대구,1,2020년 08월 13일 00시
부산,2,2020년 08월 13일 00시
서울,26,2020년 08월 13일 00시
합계,56,2020년 08월 13일 00시
검역,8,2020년 08월 12일 00시
제주,0,2020년 08월 12일 00시
경남,0,2020년 08월 12일 00시
경북,0,2020년 08월 12일 00시
전남,0,2020년 08월 12일 00시
전북,0,2020년 08월 12일 00시
충남,1,2020년 08월 12일 00시
충북,0,2020년 08월 12일 00시
강원,0,2020년 08월 12일 00시
경기,19,2020년 08월 12일 00시
세종,0,2020년 08월 12일 00시
울산,0,2020년 08월 12일 00시
대전,1,2020년 08월 12일 00시
광주,6,2020년 08월 12일 00시
인천,0,2020년 08월 12일 00시
대구,0,2020년 08월 12일 00시
부산,4,2020년 08월 12일 00시
서울,15,2020년 08월 12일 00시
합계,54,2020년 08월 12일 00시
검역,3,2020년 08월 11일 00시
제주,0,2020년 08월 11일 00시
경남,0,2020년 08월 11일 00시
경북,0,2020년 08월 11일 00시
전남,0,2020년 08월 11일 00시
전북,1,2020년 08월 11일 00시
충남,2,2020년 08월 11일 00시
충북,0,2020년 08월 11일 00시
강원,0,2020년 08월 11일 00시
경기,13,2020년 08월 11일 00시
세종,0,2020년 08월 11일 00시
울산,0,2020년 08월 11일 00시
대전,0,2020년 08월 11일 00시
광주,0,2020년 08월 11일 00시
인천,0,2020년 08월 11일 00시
대구,0,2020년 08월 11일 00시
부산,9,2020년 08월 11일 00시
서울,6,2020년 08월 11일 00시
합계,34,2020년 08월 11일 00시
검역,6,2020년 08월 10일 00시
제주,0,2020년 08월 10일 00시
경남,0,2020년 08월 10일 00시
경북,1,2020년 08월 10일 00시
전남,1,2020년 08월 10일 00시
전북,0,2020년 08월 10일 00시
충남,0,2020년 08월 10일 00시
충북,0,2020년 08월 10일 00시
강원,0,2020년 08월 10일 00시
경기,6,2020년 08월 10일 00시
세종,0,2020년 08월 10일 00시
울산,0,2020년 08월 10일 00시
대전,0,2020년 08월 10일 00시
광주,0,2020년 08월 10일 00시
인천,0,2020년 08월 10일 00시
대구,0,2020년 08월 10일 00시
부산,1,2020년 08월 10일 00시
서울,13,2020년 08월 10일 00시
합계,28,2020년 08월 10일 00시
검역,1,2020년 08월 09일 00시
제주,0,2020년 08월 09일 00시
경남,0,2020년 08월 09일 00시
경북,0,2020년 08월 09일 00시
전남,0,2020년 08월 09일 00시
전북,0,2020년 08월 09일 00시
충남,1,2020년 08월 09일 00시
충북,1,2020년 08월 09일 00시
강원,0,2020년 08월 09일 00시
경기,15,2020년 08월 09일 00시
세종,0,2020년 08월 09일 00시
울산,1,2020년 08월 09일 00시
대전,0,2020년 08월 09일 00시
광주,2,2020년 08월 09일 00시
인천,1,2020년 08월 09일 00시
대구,1,2020년 08월 09일 00시
부산,0,2020년 08월 09일 00시
서울,13,2020년 08월 09일 00시
합계,36,2020년 08월 09일 00시
검역,5,2020년 08월 08일 00시
제주,0,2020년 08월 08일 00시
경남,0,2020년 08월 08일 00시
경북,0,2020년 08월 08일 00시
전남,0,2020년 08월 08일 00시
전북,0,2020년 08월 08일 00시
충남,0,2020년 08월 08일 00시
충북,0,2020년 08월 08일 00시
강원,0,2020년 08월 08일 00시
경기,18,2020년 08월 08일 00시
세종,0,2020년 08월 08일 00시
울산,0,2020년 08월 08일 00시
대전,0,2020년 08월 08일 00시
광주,0,2020년 08월 08일 00시
인천,2,2020년 08월 08일 00시
대구,1,2020년 08월 08일 00시
부산,0,2020년 08월 08일 00시
서울,17,2020년 08월 08일 00시
합계,43,2020년 08월 08일 00시
검역,5,2020년 08월 07일 00시
제주,0,2020년 08월 07일 00시
경남,0,2020년 08월 07일 00시
경북,1,2020년 08월 07일 00시
전남,0,2020년 08월 07일 00시
전북,0,2020년 08월 07일 00시
충남,0,2020년 08월 07일 00시
충북,0,2020년 08월 07일 00시
강원,0,2020년 08월 07일 00시
경기,5,2020년 08월 07일 00시
세종,0,2020년 08월 07일 00시
울산,0,2020년 08월 07일 00시
대전,0,2020년 08월 07일 00시
광주,0,2020년 08월 07일 00시
인천,0,2020년 08월 07일 00시
대구,0,2020년 08월 07일 00시
부산,0,2020년 08월 07일 00시
서울,9,2020년 08월 07일 00시
합계,20,2020년 08월 07일 00시
검역,6,2020년 08월 06일 00시
제주,0,2020년 08월 06일 00시
경남,1,2020년 08월 06일 00시
경북,4,2020년 08월 06일 00시
전남,2,2020년 08월 06일 00시
전북,0,2020년 08월 06일 00시
충남,2,2020년 08월 06일 00시
충북,1,2020년 08월 06일 00시
강원,2,2020년 08월 06일 00시
경기,13,2020년 08월 06일 00시
세종,0,2020년 08월 06일 00시
울산,0,2020년 08월 06일 00시
대전,0,2020년 08월 06일 00시
광주,0,2020년 08월 06일 00시
인천,0,2020년 08월 06일 00시
대구,0,2020년 08월 06일 00시
부산,3,2020년 08월 06일 00시
서울,9,2020년 08월 06일 00시
합계,43,2020년 08월 06일 00시
검역,6,2020년 08월 06일 00시
제주,0,2020년 08월 06일 00시
경남,1,2020년 08월 06일 00시
경북,4,2020년 08월 06일 00시
전남,2,2020년 08월 06일 00시
전북,0,2020년 08월 06일 00시
충남,2,2020년 08월 06일 00시
충북,1,2020년 08월 06일 00시
강원,2,2020년 08월 06일 00시
경기,13,2020년 08월 06일 00시
세종,0,2020년 08월 06일 00시
울산,0,2020년 08월 06일 00시
대전,0,2020년 08월 06일 00시
광주,0,2020년 08월 06일 00시
인천,0,2020년 08월 06일 00시
대구,0,2020년 08월 06일 00시
부산,3,2020년 08월 06일 00시
서울,9,2020년 08월 06일 00시
합계,43,2020년 08월 06일 00시
검역,6,2020년 08월 05일 00시
제주,0,2020년 08월 05일 00시
경남,4,2020년 08월 05일 00시
경북,0,2020년 08월 05일 00시
전남,0,2020년 08월 05일 00시
전북,0,2020년 08월 05일 00시
충남,0,2020년 08월 05일 00시
충북,6,2020년 08월 05일 00시
강원,1,2020년 08월 05일 00시
경기,7,2020년 08월 05일 00시
세종,0,2020년 08월 05일 00시
울산,0,2020년 08월 05일 00시
대전,0,2020년 08월 05일 00시
광주,1,2020년 08월 05일 00시
인천,1,2020년 08월 05일 00시
대구,1,2020년 08월 05일 00시
부산,0,2020년 08월 05일 00시
서울,6,2020년 08월 05일 00시
합계,33,2020년 08월 05일 00시
검역,7,2020년 08월 04일 00시
제주,0,2020년 08월 04일 00시
경남,0,2020년 08월 04일 00시
경북,1,2020년 08월 04일 00시
전남,1,2020년 08월 04일 00시
전북,0,2020년 08월 04일 00시
충남,0,2020년 08월 04일 00시
충북,1,2020년 08월 04일 00시
강원,0,2020년 08월 04일 00시
경기,11,2020년 08월 04일 00시
세종,0,2020년 08월 04일 00시
울산,0,2020년 08월 04일 00시
대전,0,2020년 08월 04일 00시
광주,2,2020년 08월 04일 00시
인천,1,2020년 08월 04일 00시
대구,0,2020년 08월 04일 00시
부산,1,2020년 08월 04일 00시
서울,9,2020년 08월 04일 00시
합계,34,2020년 08월 04일 00시
검역,14,2020년 08월 03일 00시
제주,0,2020년 08월 03일 00시
경남,2,2020년 08월 03일 00시
경북,1,2020년 08월 03일 00시
전남,0,2020년 08월 03일 00시
전북,0,2020년 08월 03일 00시
충남,0,2020년 08월 03일 00시
충북,0,2020년 08월 03일 00시
강원,0,2020년 08월 03일 00시
경기,1,2020년 08월 03일 00시
세종,0,2020년 08월 03일 00시
울산,0,2020년 08월 03일 00시
대전,0,2020년 08월 03일 00시
광주,0,2020년 08월 03일 00시
인천,0,2020년 08월 03일 00시
대구,0,2020년 08월 03일 00시
부산,0,2020년 08월 03일 00시
서울,5,2020년 08월 03일 00시
합계,23,2020년 08월 03일 00시
검역,17,2020년 08월 02일 00시
제주,0,2020년 08월 02일 00시
경남,0,2020년 08월 02일 00시
경북,1,2020년 08월 02일 00시
전남,0,2020년 08월 02일 00시
전북,0,2020년 08월 02일 00시
충남,0,2020년 08월 02일 00시
충북,0,2020년 08월 02일 00시
강원,0,2020년 08월 02일 00시
경기,3,2020년 08월 02일 00시
세종,0,2020년 08월 02일 00시
울산,0,2020년 08월 02일 00시
대전,0,2020년 08월 02일 00시
광주,1,2020년 08월 02일 00시
인천,0,2020년 08월 02일 00시
대구,2,2020년 08월 02일 00시
부산,1,2020년 08월 02일 00시
서울,5,2020년 08월 02일 00시
합계,30,2020년 08월 02일 00시
검역,19,2020년 08월 01일 00시
제주,0,2020년 08월 01일 00시
경남,0,2020년 08월 01일 00시
경북,1,2020년 08월 01일 00시
전남,0,2020년 08월 01일 00시
전북,0,2020년 08월 01일 00시
충남,0,2020년 08월 01일 00시
충북,0,2020년 08월 01일 00시
강원,0,2020년 08월 01일 00시
경기,7,2020년 08월 01일 00시
세종,0,2020년 08월 01일 00시
울산,0,2020년 08월 01일 00시
대전,0,2020년 08월 01일 00시
광주,0,2020년 08월 01일 00시
인천,1,2020년 08월 01일 00시
대구,0,2020년 08월 01일 00시
부산,1,2020년 08월 01일 00시
서울,2,2020년 08월 01일 00시
합계,31,2020년 08월 01일 00시
검역,12,2020년 07월 31일 00시
제주,0,2020년 07월 31일 00시
경남,0,2020년 07월 31일 00시
경북,2,2020년 07월 31일 00시
전남,0,2020년 07월 31일 00시
전북,0,2020년 07월 31일 00시
충남,1,2020년 07월 31일 00시
충북,0,2020년 07월 31일 00시
강원,2,2020년 07월 31일 00시
경기,10,2020년 07월 31일 00시
세종,0,2020년 07월 31일 00시
울산,0,2020년 07월 31일 00시
대전,0,2020년 07월 31일 00시
광주,0,2020년 07월 31일 00시
인천,0,2020년 07월 31일 00시
대구,1,2020년 07월 31일 00시
부산,0,2020년 07월 31일 00시
서울,8,2020년 07월 31일 00시
합계,36,2020년 07월 31일 00시
검역,8,2020년 07월 30일 00시
제주,0,2020년 07월 30일 00시
경남,1,2020년 07월 30일 00시
경북,1,2020년 07월 30일 00시
전남,0,2020년 07월 30일 00시
전북,0,2020년 07월 30일 00시
충남,0,2020년 07월 30일 00시
충북,0,2020년 07월 30일 00시
강원,0,2020년 07월 30일 00시
경기,5,2020년 07월 30일 00시
세종,0,2020년 07월 30일 00시
울산,0,2020년 07월 30일 00시
대전,0,2020년 07월 30일 00시
광주,0,2020년 07월 30일 00시
인천,0,2020년 07월 30일 00시
대구,0,2020년 07월 30일 00시
부산,0,2020년 07월 30일 00시
서울,3,2020년 07월 30일 00시
합계,18,2020년 07월 30일 00시
검역,21,2020년 07월 29일 00시
제주,0,2020년 07월 29일 00시
경남,0,2020년 07월 29일 00시
경북,1,2020년 07월 29일 00시
전남,0,2020년 07월 29일 00시
전북,0,2020년 07월 29일 00시
충남,0,2020년 07월 29일 00시
충북,0,2020년 07월 29일 00시
강원,0,2020년 07월 29일 00시
경기,11,2020년 07월 29일 00시
세종,0,2020년 07월 29일 00시
울산,1,2020년 07월 29일 00시
대전,0,2020년 07월 29일 00시
광주,1,2020년 07월 29일 00시
인천,3,2020년 07월 29일 00시
대구,0,2020년 07월 29일 00시
부산,1,2020년 07월 29일 00시
서울,9,2020년 07월 29일 00시
합계,48,2020년 07월 29일 00시
검역,10,2020년 07월 28일 00시
제주,0,2020년 07월 28일 00시
경남,0,2020년 07월 28일 00시
경북,1,2020년 07월 28일 00시
전남,2,2020년 07월 28일 00시
전북,0,2020년 07월 28일 00시
충남,1,2020년 07월 28일 00시
충북,0,2020년 07월 28일 00시
강원,0,2020년 07월 28일 00시
경기,6,2020년 07월 28일 00시
세종,0,2020년 07월 28일 00시
울산,0,2020년 07월 28일 00시
대전,0,2020년 07월 28일 00시
광주,0,2020년 07월 28일 00시
인천,0,2020년 07월 28일 00시
대구,0,2020년 07월 28일 00시
부산,2,2020년 07월 28일 00시
서울,6,2020년 07월 28일 00시
합계,28,2020년 07월 28일 00시
검역,7,2020년 07월 27일 00시
제주,0,2020년 07월 27일 00시
경남,0,2020년 07월 27일 00시
경북,0,2020년 07월 27일 00시
전남,0,2020년 07월 27일 00시
전북,0,2020년 07월 27일 00시
충남,1,2020년 07월 27일 00시
충북,1,2020년 07월 27일 00시
강원,0,2020년 07월 27일 00시
경기,6,2020년 07월 27일 00시
세종,0,2020년 07월 27일 00시
울산,0,2020년 07월 27일 00시
대전,0,2020년 07월 27일 00시
광주,0,2020년 07월 27일 00시
인천,0,2020년 07월 27일 00시
대구,0,2020년 07월 27일 00시
부산,1,2020년 07월 27일 00시
서울,9,2020년 07월 27일 00시
합계,25,2020년 07월 27일 00시
검역,42,2020년 07월 26일 00시
제주,0,2020년 07월 26일 00시
경남,0,2020년 07월 26일 00시
경북,0,2020년 07월 26일 00시
전남,0,2020년 07월 26일 00시
전북,0,2020년 07월 26일 00시
충남,0,2020년 07월 26일 00시
충북,0,2020년 07월 26일 00시
강원,0,2020년 07월 26일 00시
경기,7,2020년 07월 26일 00시
세종,0,2020년 07월 26일 00시
울산,0,2020년 07월 26일 00시
대전,0,2020년 07월 26일 00시
광주,1,2020년 07월 26일 00시
인천,0,2020년 07월 26일 00시
대구,0,2020년 07월 26일 00시
부산,1,2020년 07월 26일 00시
서울,7,2020년 07월 26일 00시
합계,58,2020년 07월 26일 00시
검역,81,2020년 07월 25일 00시
제주,0,2020년 07월 25일 00시
경남,0,2020년 07월 25일 00시
경북,0,2020년 07월 25일 00시
전남,1,2020년 07월 25일 00시
전북,0,2020년 07월 25일 00시
충남,0,2020년 07월 25일 00시
충북,0,2020년 07월 25일 00시
강원,0,2020년 07월 25일 00시
경기,14,2020년 07월 25일 00시
세종,0,2020년 07월 25일 00시
울산,1,2020년 07월 25일 00시
대전,0,2020년 07월 25일 00시
광주,0,2020년 07월 25일 00시
인천,0,2020년 07월 25일 00시
대구,0,2020년 07월 25일 00시
부산,5,2020년 07월 25일 00시
서울,11,2020년 07월 25일 00시
합계,113,2020년 07월 25일 00시
검역,3,2020년 07월 24일 00시
제주,0,2020년 07월 24일 00시
경남,2,2020년 07월 24일 00시
경북,1,2020년 07월 24일 00시
전남,0,2020년 07월 24일 00시
전북,0,2020년 07월 24일 00시
충남,0,2020년 07월 24일 00시
충북,0,2020년 07월 24일 00시
강원,0,2020년 07월 24일 00시
경기,8,2020년 07월 24일 00시
세종,0,2020년 07월 24일 00시
울산,0,2020년 07월 24일 00시
대전,0,2020년 07월 24일 00시
광주,2,2020년 07월 24일 00시
인천,0,2020년 07월 24일 00시
대구,2,2020년 07월 24일 00시
부산,2,2020년 07월 24일 00시
서울,21,2020년 07월 24일 00시
합계,41,2020년 07월 24일 00시
검역,5,2020년 07월 23일 00시
제주,0,2020년 07월 23일 00시
경남,0,2020년 07월 23일 00시
경북,0,2020년 07월 23일 00시
전남,0,2020년 07월 23일 00시
전북,0,2020년 07월 23일 00시
충남,0,2020년 07월 23일 00시
충북,0,2020년 07월 23일 00시
강원,0,2020년 07월 23일 00시
경기,28,2020년 07월 23일 00시
세종,0,2020년 07월 23일 00시
울산,0,2020년 07월 23일 00시
대전,0,2020년 07월 23일 00시
광주,9,2020년 07월 23일 00시
인천,3,2020년 07월 23일 00시
대구,0,2020년 07월 23일 00시
부산,2,2020년 07월 23일 00시
서울,12,2020년 07월 23일 00시
합계,59,2020년 07월 23일 00시
검역,19,2020년 07월 22일 00시
제주,0,2020년 07월 22일 00시
경남,1,2020년 07월 22일 00시
경북,0,2020년 07월 22일 00시
전남,0,2020년 07월 22일 00시
전북,0,2020년 07월 22일 00시
충남,1,2020년 07월 22일 00시
충북,1,2020년 07월 22일 00시
강원,0,2020년 07월 22일 00시
경기,15,2020년 07월 22일 00시
세종,0,2020년 07월 22일 00시
울산,0,2020년 07월 22일 00시
대전,0,2020년 07월 22일 00시
광주,4,2020년 07월 22일 00시
인천,5,2020년 07월 22일 00시
대구,1,2020년 07월 22일 00시
부산,0,2020년 07월 22일 00시
서울,16,2020년 07월 22일 00시
합계,63,2020년 07월 22일 00시
검역,18,2020년 07월 21일 00시
제주,1,2020년 07월 21일 00시
경남,0,2020년 07월 21일 00시
경북,1,2020년 07월 21일 00시
전남,0,2020년 07월 21일 00시
전북,0,2020년 07월 21일 00시
충남,0,2020년 07월 21일 00시
충북,0,2020년 07월 21일 00시
강원,0,2020년 07월 21일 00시
경기,2,2020년 07월 21일 00시
세종,0,2020년 07월 21일 00시
울산,0,2020년 07월 21일 00시
대전,0,2020년 07월 21일 00시
광주,0,2020년 07월 21일 00시
인천,0,2020년 07월 21일 00시
대구,2,2020년 07월 21일 00시
부산,0,2020년 07월 21일 00시
서울,21,2020년 07월 21일 00시
합계,45,2020년 07월 21일 00시
검역,10,2020년 07월 20일 00시
제주,0,2020년 07월 20일 00시
경남,2,2020년 07월 20일 00시
경북,1,2020년 07월 20일 00시
전남,2,2020년 07월 20일 00시
전북,1,2020년 07월 20일 00시
충남,1,2020년 07월 20일 00시
충북,0,2020년 07월 20일 00시
강원,0,2020년 07월 20일 00시
경기,1,2020년 07월 20일 00시
세종,0,2020년 07월 20일 00시
울산,0,2020년 07월 20일 00시
대전,0,2020년 07월 20일 00시
광주,1,2020년 07월 20일 00시
인천,2,2020년 07월 20일 00시
대구,2,2020년 07월 20일 00시
부산,0,2020년 07월 20일 00시
서울,3,2020년 07월 20일 00시
합계,26,2020년 07월 20일 00시
검역,7,2020년 07월 19일 00시
제주,1,2020년 07월 19일 00시
경남,0,2020년 07월 19일 00시
경북,0,2020년 07월 19일 00시
전남,0,2020년 07월 19일 00시
전북,0,2020년 07월 19일 00시
충남,0,2020년 07월 19일 00시
충북,0,2020년 07월 19일 00시
강원,0,2020년 07월 19일 00시
경기,4,2020년 07월 19일 00시
세종,0,2020년 07월 19일 00시
울산,0,2020년 07월 19일 00시
대전,1,2020년 07월 19일 00시
광주,10,2020년 07월 19일 00시
인천,1,2020년 07월 19일 00시
대구,0,2020년 07월 19일 00시
부산,0,2020년 07월 19일 00시
서울,10,2020년 07월 19일 00시
합계,34,2020년 07월 19일 00시
검역,12,2020년 07월 18일 00시
제주,1,2020년 07월 18일 00시
경남,2,2020년 07월 18일 00시
경북,0,2020년 07월 18일 00시
전남,1,2020년 07월 18일 00시
전북,0,2020년 07월 18일 00시
충남,0,2020년 07월 18일 00시
충북,0,2020년 07월 18일 00시
강원,0,2020년 07월 18일 00시
경기,10,2020년 07월 18일 00시
세종,0,2020년 07월 18일 00시
울산,1,2020년 07월 18일 00시
대전,0,2020년 07월 18일 00시
광주,0,2020년 07월 18일 00시
인천,2,2020년 07월 18일 00시
대구,3,2020년 07월 18일 00시
부산,1,2020년 07월 18일 00시
서울,6,2020년 07월 18일 00시
합계,39,2020년 07월 18일 00시
검역,25,2020년 07월 17일 00시
제주,3,2020년 07월 17일 00시
경남,2,2020년 07월 17일 00시
경북,0,2020년 07월 17일 00시
전남,0,2020년 07월 17일 00시
전북,0,2020년 07월 17일 00시
충남,0,2020년 07월 17일 00시
충북,0,2020년 07월 17일 00시
강원,0,2020년 07월 17일 00시
경기,15,2020년 07월 17일 00시
세종,0,2020년 07월 17일 00시
울산,0,2020년 07월 17일 00시
대전,1,2020년 07월 17일 00시
광주,5,2020년 07월 17일 00시
인천,0,2020년 07월 17일 00시
대구,0,2020년 07월 17일 00시
부산,0,2020년 07월 17일 00시
서울,9,2020년 07월 17일 00시
합계,60,2020년 07월 17일 00시
검역,20,2020년 07월 16일 00시
제주,0,2020년 07월 16일 00시
경남,1,2020년 07월 16일 00시
경북,0,2020년 07월 16일 00시
전남,0,2020년 07월 16일 00시
전북,0,2020년 07월 16일 00시
충남,0,2020년 07월 16일 00시
충북,1,2020년 07월 16일 00시
강원,3,2020년 07월 16일 00시
경기,21,2020년 07월 16일 00시
세종,0,2020년 07월 16일 00시
울산,1,2020년 07월 16일 00시
대전,1,2020년 07월 16일 00시
광주,1,2020년 07월 16일 00시
인천,3,2020년 07월 16일 00시
대구,2,2020년 07월 16일 00시
부산,0,2020년 07월 16일 00시
서울,7,2020년 07월 16일 00시
합계,61,2020년 07월 16일 00시
검역,23,2020년 07월 15일 00시
제주,0,2020년 07월 15일 00시
경남,0,2020년 07월 15일 00시
경북,0,2020년 07월 15일 00시
전남,0,2020년 07월 15일 00시
전북,0,2020년 07월 15일 00시
충남,0,2020년 07월 15일 00시
충북,0,2020년 07월 15일 00시
강원,0,2020년 07월 15일 00시
경기,5,2020년 07월 15일 00시
세종,0,2020년 07월 15일 00시
울산,0,2020년 07월 15일 00시
대전,3,2020년 07월 15일 00시
광주,1,2020년 07월 15일 00시
인천,1,2020년 07월 15일 00시
대구,0,2020년 07월 15일 00시
부산,0,2020년 07월 15일 00시
서울,6,2020년 07월 15일 00시
합계,39,2020년 07월 15일 00시
검역,12,2020년 07월 14일 00시
제주,0,2020년 07월 14일 00시
경남,0,2020년 07월 14일 00시
경북,0,2020년 07월 14일 00시
전남,0,2020년 07월 14일 00시
전북,2,2020년 07월 14일 00시
충남,0,2020년 07월 14일 00시
충북,1,2020년 07월 14일 00시
강원,0,2020년 07월 14일 00시
경기,9,2020년 07월 14일 00시
세종,0,2020년 07월 14일 00시
울산,0,2020년 07월 14일 00시
대전,1,2020년 07월 14일 00시
광주,1,2020년 07월 14일 00시
인천,0,2020년 07월 14일 00시
대구,0,2020년 07월 14일 00시
부산,0,2020년 07월 14일 00시
서울,7,2020년 07월 14일 00시
합계,33,2020년 07월 14일 00시
검역,18,2020년 07월 13일 00시
제주,0,2020년 07월 13일 00시
경남,2,2020년 07월 13일 00시
경북,0,2020년 07월 13일 00시
전남,0,2020년 07월 13일 00시
전북,0,2020년 07월 13일 00시
충남,4,2020년 07월 13일 00시
충북,1,2020년 07월 13일 00시
강원,2,2020년 07월 13일 00시
경기,11,2020년 07월 13일 00시
세종,0,2020년 07월 13일 00시
울산,0,2020년 07월 13일 00시
대전,0,2020년 07월 13일 00시
광주,7,2020년 07월 13일 00시
인천,3,2020년 07월 13일 00시
대구,1,2020년 07월 13일 00시
부산,0,2020년 07월 13일 00시
서울,13,2020년 07월 13일 00시
합계,62,2020년 07월 13일 00시
검역,12,2020년 07월 12일 00시
제주,0,2020년 07월 12일 00시
경남,1,2020년 07월 12일 00시
경북,0,2020년 07월 12일 00시
전남,0,2020년 07월 12일 00시
전북,1,2020년 07월 12일 00시
충남,0,2020년 07월 12일 00시
충북,0,2020년 07월 12일 00시
강원,0,2020년 07월 12일 00시
경기,17,2020년 07월 12일 00시
세종,0,2020년 07월 12일 00시
울산,0,2020년 07월 12일 00시
대전,1,2020년 07월 12일 00시
광주,5,2020년 07월 12일 00시
인천,0,2020년 07월 12일 00시
대구,0,2020년 07월 12일 00시
부산,0,2020년 07월 12일 00시
서울,7,2020년 07월 12일 00시
합계,44,2020년 07월 12일 00시
검역,8,2020년 07월 11일 00시
제주,0,2020년 07월 11일 00시
경남,0,2020년 07월 11일 00시
경북,0,2020년 07월 11일 00시
전남,0,2020년 07월 11일 00시
전북,2,2020년 07월 11일 00시
충남,1,2020년 07월 11일 00시
충북,0,2020년 07월 11일 00시
강원,0,2020년 07월 11일 00시
경기,4,2020년 07월 11일 00시
세종,0,2020년 07월 11일 00시
울산,0,2020년 07월 11일 00시
대전,2,2020년 07월 11일 00시
광주,9,2020년 07월 11일 00시
인천,1,2020년 07월 11일 00시
대구,0,2020년 07월 11일 00시
부산,0,2020년 07월 11일 00시
서울,8,2020년 07월 11일 00시
합계,35,2020년 07월 11일 00시
검역,4,2020년 07월 10일 00시
제주,0,2020년 07월 10일 00시
경남,3,2020년 07월 10일 00시
경북,0,2020년 07월 10일 00시
전남,3,2020년 07월 10일 00시
전북,0,2020년 07월 10일 00시
충남,0,2020년 07월 10일 00시
충북,2,2020년 07월 10일 00시
강원,0,2020년 07월 10일 00시
경기,14,2020년 07월 10일 00시
세종,0,2020년 07월 10일 00시
울산,0,2020년 07월 10일 00시
대전,7,2020년 07월 10일 00시
광주,3,2020년 07월 10일 00시
인천,1,2020년 07월 10일 00시
대구,0,2020년 07월 10일 00시
부산,0,2020년 07월 10일 00시
서울,8,2020년 07월 10일 00시
합계,45,2020년 07월 10일 00시
검역,5,2020년 07월 09일 00시
제주,0,2020년 07월 09일 00시
경남,2,2020년 07월 09일 00시
경북,0,2020년 07월 09일 00시
전남,1,2020년 07월 09일 00시
전북,1,2020년 07월 09일 00시
충남,1,2020년 07월 09일 00시
충북,0,2020년 07월 09일 00시
강원,0,2020년 07월 09일 00시
경기,8,2020년 07월 09일 00시
세종,0,2020년 07월 09일 00시
울산,0,2020년 07월 09일 00시
대전,6,2020년 07월 09일 00시
광주,15,2020년 07월 09일 00시
인천,3,2020년 07월 09일 00시
대구,0,2020년 07월 09일 00시
부산,0,2020년 07월 09일 00시
서울,8,2020년 07월 09일 00시
합계,50,2020년 07월 09일 00시
검역,11,2020년 07월 08일 00시
제주,0,2020년 07월 08일 00시
경남,2,2020년 07월 08일 00시
경북,1,2020년 07월 08일 00시
전남,1,2020년 07월 08일 00시
전북,2,2020년 07월 08일 00시
충남,6,2020년 07월 08일 00시
충북,0,2020년 07월 08일 00시
강원,0,2020년 07월 08일 00시
경기,18,2020년 07월 08일 00시
세종,0,2020년 07월 08일 00시
울산,0,2020년 07월 08일 00시
대전,2,2020년 07월 08일 00시
광주,8,2020년 07월 08일 00시
인천,1,2020년 07월 08일 00시
대구,1,2020년 07월 08일 00시
부산,0,2020년 07월 08일 00시
서울,10,2020년 07월 08일 00시
합계,63,2020년 07월 08일 00시
검역,16,2020년 07월 07일 00시
제주,0,2020년 07월 07일 00시
경남,0,2020년 07월 07일 00시
경북,0,2020년 07월 07일 00시
전남,0,2020년 07월 07일 00시
전북,1,2020년 07월 07일 00시
충남,0,2020년 07월 07일 00시
충북,0,2020년 07월 07일 00시
강원,0,2020년 07월 07일 00시
경기,13,2020년 07월 07일 00시
세종,0,2020년 07월 07일 00시
울산,0,2020년 07월 07일 00시
대전,2,2020년 07월 07일 00시
광주,6,2020년 07월 07일 00시
인천,2,2020년 07월 07일 00시
대구,1,2020년 07월 07일 00시
부산,0,2020년 07월 07일 00시
서울,3,2020년 07월 07일 00시
합계,44,2020년 07월 07일 00시
검역,15,2020년 07월 06일 00시
제주,0,2020년 07월 06일 00시
경남,1,2020년 07월 06일 00시
경북,1,2020년 07월 06일 00시
전남,2,2020년 07월 06일 00시
전북,0,2020년 07월 06일 00시
충남,1,2020년 07월 06일 00시
충북,0,2020년 07월 06일 00시
강원,1,2020년 07월 06일 00시
경기,6,2020년 07월 06일 00시
세종,0,2020년 07월 06일 00시
울산,0,2020년 07월 06일 00시
대전,2,2020년 07월 06일 00시
광주,7,2020년 07월 06일 00시
인천,6,2020년 07월 06일 00시
대구,2,2020년 07월 06일 00시
부산,1,2020년 07월 06일 00시
서울,3,2020년 07월 06일 00시
합계,48,2020년 07월 06일 00시
검역,9,2020년 07월 05일 00시
제주,1,2020년 07월 05일 00시
경남,0,2020년 07월 05일 00시
경북,1,2020년 07월 05일 00시
전남,0,2020년 07월 05일 00시
전북,1,2020년 07월 05일 00시
충남,0,2020년 07월 05일 00시
충북,0,2020년 07월 05일 00시
강원,1,2020년 07월 05일 00시
경기,8,2020년 07월 05일 00시
세종,0,2020년 07월 05일 00시
울산,0,2020년 07월 05일 00시
대전,8,2020년 07월 05일 00시
광주,16,2020년 07월 05일 00시
인천,0,2020년 07월 05일 00시
대구,0,2020년 07월 05일 00시
부산,0,2020년 07월 05일 00시
서울,16,2020년 07월 05일 00시
합계,61,2020년 07월 05일 00시
검역,18,2020년 07월 04일 00시
제주,0,2020년 07월 04일 00시
경남,1,2020년 07월 04일 00시
경북,1,2020년 07월 04일 00시
전남,0,2020년 07월 04일 00시
전북,0,2020년 07월 04일 00시
충남,0,2020년 07월 04일 00시
충북,2,2020년 07월 04일 00시
강원,0,2020년 07월 04일 00시
경기,19,2020년 07월 04일 00시
세종,0,2020년 07월 04일 00시
울산,0,2020년 07월 04일 00시
대전,3,2020년 07월 04일 00시
광주,8,2020년 07월 04일 00시
인천,2,2020년 07월 04일 00시
대구,1,2020년 07월 04일 00시
부산,1,2020년 07월 04일 00시
서울,7,2020년 07월 04일 00시
합계,63,2020년 07월 04일 00시
검역,4,2020년 07월 03일 00시
제주,0,2020년 07월 03일 00시
경남,2,2020년 07월 03일 00시
경북,1,2020년 07월 03일 00시
전남,0,2020년 07월 03일 00시
전북,1,2020년 07월 03일 00시
충남,1,2020년 07월 03일 00시
충북,0,2020년 07월 03일 00시
강원,0,2020년 07월 03일 00시
경기,18,2020년 07월 03일 00시
세종,0,2020년 07월 03일 00시
울산,0,2020년 07월 03일 00시
대전,4,2020년 07월 03일 00시
광주,6,2020년 07월 03일 00시
인천,1,2020년 07월 03일 00시
대구,13,2020년 07월 03일 00시
부산,0,2020년 07월 03일 00시
서울,12,2020년 07월 03일 00시
합계,63,2020년 07월 03일 00시
검역,2,2020년 07월 02일 00시
제주,0,2020년 07월 02일 00시
경남,0,2020년 07월 02일 00시
경북,0,2020년 07월 02일 00시
전남,0,2020년 07월 02일 00시
전북,0,2020년 07월 02일 00시
충남,3,2020년 07월 02일 00시
충북,0,2020년 07월 02일 00시
강원,0,2020년 07월 02일 00시
경기,10,2020년 07월 02일 00시
세종,0,2020년 07월 02일 00시
울산,0,2020년 07월 02일 00시
대전,1,2020년 07월 02일 00시
광주,22,2020년 07월 02일 00시
인천,0,2020년 07월 02일 00시
대구,3,2020년 07월 02일 00시
부산,0,2020년 07월 02일 00시
서울,13,2020년 07월 02일 00시
합계,54,2020년 07월 02일 00시
검역,5,2020년 07월 01일 00시
제주,0,2020년 07월 01일 00시
경남,0,2020년 07월 01일 00시
경북,0,2020년 07월 01일 00시
전남,1,2020년 07월 01일 00시
전북,0,2020년 07월 01일 00시
충남,1,2020년 07월 01일 00시
충북,0,2020년 07월 01일 00시
강원,0,2020년 07월 01일 00시
경기,16,2020년 07월 01일 00시
세종,0,2020년 07월 01일 00시
울산,0,2020년 07월 01일 00시
대전,4,2020년 07월 01일 00시
광주,12,2020년 07월 01일 00시
인천,2,2020년 07월 01일 00시
대구,1,2020년 07월 01일 00시
부산,0,2020년 07월 01일 00시
서울,9,2020년 07월 01일 00시
합계,51,2020년 07월 01일 00시
검역,13,2020년 06월 30일 00시
제주,0,2020년 06월 30일 00시
경남,0,2020년 06월 30일 00시
경북,1,2020년 06월 30일 00시
전남,0,2020년 06월 30일 00시
전북,0,2020년 06월 30일 00시
충남,0,2020년 06월 30일 00시
충북,1,2020년 06월 30일 00시
강원,1,2020년 06월 30일 00시
경기,7,2020년 06월 30일 00시
세종,1,2020년 06월 30일 00시
울산,0,2020년 06월 30일 00시
대전,5,2020년 06월 30일 00시
광주,3,2020년 06월 30일 00시
인천,3,2020년 06월 30일 00시
대구,0,2020년 06월 30일 00시
부산,1,2020년 06월 30일 00시
서울,7,2020년 06월 30일 00시
합계,43,2020년 06월 30일 00시
검역,5,2020년 06월 29일 00시
제주,0,2020년 06월 29일 00시
경남,1,2020년 06월 29일 00시
경북,1,2020년 06월 29일 00시
전남,1,2020년 06월 29일 00시
전북,1,2020년 06월 29일 00시
충남,0,2020년 06월 29일 00시
충북,0,2020년 06월 29일 00시
강원,0,2020년 06월 29일 00시
경기,16,2020년 06월 29일 00시
세종,0,2020년 06월 29일 00시
울산,0,2020년 06월 29일 00시
대전,2,2020년 06월 29일 00시
광주,4,2020년 06월 29일 00시
인천,1,2020년 06월 29일 00시
대구,2,2020년 06월 29일 00시
부산,1,2020년 06월 29일 00시
서울,7,2020년 06월 29일 00시
합계,42,2020년 06월 29일 00시
검역,16,2020년 06월 28일 00시
제주,0,2020년 06월 28일 00시
경남,0,2020년 06월 28일 00시
경북,0,2020년 06월 28일 00시
전남,3,2020년 06월 28일 00시
전북,0,2020년 06월 28일 00시
충남,1,2020년 06월 28일 00시
충북,1,2020년 06월 28일 00시
강원,0,2020년 06월 28일 00시
경기,17,2020년 06월 28일 00시
세종,0,2020년 06월 28일 00시
울산,0,2020년 06월 28일 00시
대전,6,2020년 06월 28일 00시
광주,4,2020년 06월 28일 00시
인천,0,2020년 06월 28일 00시
대구,0,2020년 06월 28일 00시
부산,0,2020년 06월 28일 00시
서울,14,2020년 06월 28일 00시
합계,62,2020년 06월 28일 00시
검역,11,2020년 6월 27일 00시
제주,0,2020년 6월 27일 00시
경남,0,2020년 6월 27일 00시
경북,0,2020년 6월 27일 00시
전남,0,2020년 6월 27일 00시
전북,1,2020년 6월 27일 00시
충남,0,2020년 6월 27일 00시
충북,1,2020년 6월 27일 00시
강원,0,2020년 6월 27일 00시
경기,17,2020년 6월 27일 00시
세종,0,2020년 6월 27일 00시
울산,0,2020년 6월 27일 00시
대전,2,2020년 6월 27일 00시
광주,0,2020년 6월 27일 00시
인천,1,2020년 6월 27일 00시
대구,1,2020년 6월 27일 00시
부산,0,2020년 6월 27일 00시
서울,17,2020년 6월 27일 00시
합계,51,2020년 6월 27일 00시
검역,11,2020년 6월 27일 00시
제주,0,2020년 6월 27일 00시
경남,0,2020년 6월 27일 00시
경북,0,2020년 6월 27일 00시
전남,0,2020년 6월 27일 00시
전북,1,2020년 6월 27일 00시
충남,0,2020년 6월 27일 00시
충북,1,2020년 6월 27일 00시
강원,0,2020년 6월 27일 00시
경기,17,2020년 6월 27일 00시
세종,0,2020년 6월 27일 00시
울산,0,2020년 6월 27일 00시
대전,2,2020년 6월 27일 00시
광주,0,2020년 6월 27일 00시
인천,1,2020년 6월 27일 00시
대구,1,2020년 6월 27일 00시
부산,0,2020년 6월 27일 00시
서울,17,2020년 6월 27일 00시
합계,51,2020년 6월 27일 00시
검역,7,2020년 06월 26일 00시
제주,0,2020년 06월 26일 00시
경남,0,2020년 06월 26일 00시
경북,1,2020년 06월 26일 00시
전남,0,2020년 06월 26일 00시
전북,0,2020년 06월 26일 00시
충남,3,2020년 06월 26일 00시
충북,0,2020년 06월 26일 00시
강원,1,2020년 06월 26일 00시
경기,4,2020년 06월 26일 00시
세종,0,2020년 06월 26일 00시
울산,0,2020년 06월 26일 00시
대전,4,2020년 06월 26일 00시
광주,0,2020년 06월 26일 00시
인천,2,2020년 06월 26일 00시
대구,0,2020년 06월 26일 00시
부산,0,2020년 06월 26일 00시
서울,17,2020년 06월 26일 00시
합계,39,2020년 06월 26일 00시
검역,4,2020년 06월 25일 00시
제주,0,2020년 06월 25일 00시
경남,0,2020년 06월 25일 00시
경북,0,2020년 06월 25일 00시
전남,0,2020년 06월 25일 00시
전북,0,2020년 06월 25일 00시
충남,1,2020년 06월 25일 00시
충북,0,2020년 06월 25일 00시
강원,0,2020년 06월 25일 00시
경기,9,2020년 06월 25일 00시
세종,0,2020년 06월 25일 00시
울산,0,2020년 06월 25일 00시
대전,4,2020년 06월 25일 00시
광주,0,2020년 06월 25일 00시
인천,1,2020년 06월 25일 00시
대구,0,2020년 06월 25일 00시
부산,0,2020년 06월 25일 00시
서울,9,2020년 06월 25일 00시
합계,28,2020년 06월 25일 00시
검역,12,2020년 06월 24일 00시
제주,0,2020년 06월 24일 00시
경남,0,2020년 06월 24일 00시
경북,1,2020년 06월 24일 00시
전남,0,2020년 06월 24일 00시
전북,1,2020년 06월 24일 00시
충남,1,2020년 06월 24일 00시
충북,0,2020년 06월 24일 00시
강원,1,2020년 06월 24일 00시
경기,7,2020년 06월 24일 00시
세종,0,2020년 06월 24일 00시
울산,2,2020년 06월 24일 00시
대전,8,2020년 06월 24일 00시
광주,0,2020년 06월 24일 00시
인천,3,2020년 06월 24일 00시
대구,2,2020년 06월 24일 00시
부산,2,2020년 06월 24일 00시
서울,11,2020년 06월 24일 00시
합계,51,2020년 06월 24일 00시
검역,26,2020년 06월 23일 00시
제주,0,2020년 06월 23일 00시
경남,0,2020년 06월 23일 00시
경북,0,2020년 06월 23일 00시
전남,0,2020년 06월 23일 00시
전북,0,2020년 06월 23일 00시
충남,0,2020년 06월 23일 00시
충북,1,2020년 06월 23일 00시
강원,0,2020년 06월 23일 00시
경기,7,2020년 06월 23일 00시
세종,0,2020년 06월 23일 00시
울산,0,2020년 06월 23일 00시
대전,4,2020년 06월 23일 00시
광주,0,2020년 06월 23일 00시
인천,1,2020년 06월 23일 00시
대구,1,2020년 06월 23일 00시
부산,0,2020년 06월 23일 00시
서울,6,2020년 06월 23일 00시
합계,46,2020년 06월 23일 00시
검역,0,2020년 06월 22일 00시
제주,0,2020년 06월 22일 00시
경남,0,2020년 06월 22일 00시
경북,1,2020년 06월 22일 00시
전남,0,2020년 06월 22일 00시
전북,1,2020년 06월 22일 00시
충남,2,2020년 06월 22일 00시
충북,0,2020년 06월 22일 00시
강원,0,2020년 06월 22일 00시
경기,6,2020년 06월 22일 00시
세종,0,2020년 06월 22일 00시
울산,0,2020년 06월 22일 00시
대전,0,2020년 06월 22일 00시
광주,0,2020년 06월 22일 00시
인천,1,2020년 06월 22일 00시
대구,1,2020년 06월 22일 00시
부산,0,2020년 06월 22일 00시
서울,5,2020년 06월 22일 00시
합계,17,2020년 06월 22일 00시
검역,4,2020년 6월 21일 00시
제주,0,2020년 6월 21일 00시
경남,1,2020년 6월 21일 00시
경북,0,2020년 6월 21일 00시
전남,0,2020년 6월 21일 00시
전북,0,2020년 6월 21일 00시
충남,1,2020년 6월 21일 00시
충북,0,2020년 6월 21일 00시
강원,2,2020년 6월 21일 00시
경기,10,2020년 6월 21일 00시
세종,1,2020년 6월 21일 00시
울산,0,2020년 6월 21일 00시
대전,10,2020년 6월 21일 00시
광주,1,2020년 6월 21일 00시
인천,0,2020년 6월 21일 00시
대구,1,2020년 6월 21일 00시
부산,0,2020년 6월 21일 00시
서울,17,2020년 6월 21일 00시
합계,48,2020년 6월 21일 00시
검역,18,2020년 06월 20일 00시
제주,0,2020년 06월 20일 00시
경남,0,2020년 06월 20일 00시
경북,1,2020년 06월 20일 00시
전남,0,2020년 06월 20일 00시
전북,1,2020년 06월 20일 00시
충남,2,2020년 06월 20일 00시
충북,0,2020년 06월 20일 00시
강원,0,2020년 06월 20일 00시
경기,17,2020년 06월 20일 00시
세종,0,2020년 06월 20일 00시
울산,0,2020년 06월 20일 00시
대전,5,2020년 06월 20일 00시
광주,0,2020년 06월 20일 00시
인천,5,2020년 06월 20일 00시
대구,2,2020년 06월 20일 00시
부산,2,2020년 06월 20일 00시
서울,14,2020년 06월 20일 00시
합계,67,2020년 06월 20일 00시
검역,11,2020년 06월 19일 00시
제주,3,2020년 06월 19일 00시
경남,0,2020년 06월 19일 00시
경북,0,2020년 06월 19일 00시
전남,0,2020년 06월 19일 00시
전북,0,2020년 06월 19일 00시
충남,0,2020년 06월 19일 00시
충북,0,2020년 06월 19일 00시
강원,0,2020년 06월 19일 00시
경기,11,2020년 06월 19일 00시
세종,0,2020년 06월 19일 00시
울산,0,2020년 06월 19일 00시
대전,6,2020년 06월 19일 00시
광주,0,2020년 06월 19일 00시
인천,0,2020년 06월 19일 00시
대구,0,2020년 06월 19일 00시
부산,0,2020년 06월 19일 00시
서울,18,2020년 06월 19일 00시
합계,49,2020년 06월 19일 00시
검역,4,2020년 06월 18일 00시
제주,0,2020년 06월 18일 00시
경남,0,2020년 06월 18일 00시
경북,0,2020년 06월 18일 00시
전남,0,2020년 06월 18일 00시
전북,1,2020년 06월 18일 00시
충남,3,2020년 06월 18일 00시
충북,0,2020년 06월 18일 00시
강원,0,2020년 06월 18일 00시
경기,16,2020년 06월 18일 00시
세종,1,2020년 06월 18일 00시
울산,0,2020년 06월 18일 00시
대전,7,2020년 06월 18일 00시
광주,0,2020년 06월 18일 00시
인천,1,2020년 06월 18일 00시
대구,1,2020년 06월 18일 00시
부산,0,2020년 06월 18일 00시
서울,25,2020년 06월 18일 00시
합계,59,2020년 06월 18일 00시
검역,7,2020년 06월 17일 00시
제주,1,2020년 06월 17일 00시
경남,0,2020년 06월 17일 00시
경북,0,2020년 06월 17일 00시
전남,0,2020년 06월 17일 00시
전북,0,2020년 06월 17일 00시
충남,1,2020년 06월 17일 00시
충북,0,2020년 06월 17일 00시
강원,0,2020년 06월 17일 00시
경기,13,2020년 06월 17일 00시
세종,0,2020년 06월 17일 00시
울산,0,2020년 06월 17일 00시
대전,5,2020년 06월 17일 00시
광주,0,2020년 06월 17일 00시
인천,2,2020년 06월 17일 00시
대구,1,2020년 06월 17일 00시
부산,0,2020년 06월 17일 00시
서울,13,2020년 06월 17일 00시
합계,43,2020년 06월 17일 00시
검역,9,2020년 06월 16일 00시
제주,0,2020년 06월 16일 00시
경남,2,2020년 06월 16일 00시
경북,0,2020년 06월 16일 00시
전남,0,2020년 06월 16일 00시
전북,0,2020년 06월 16일 00시
충남,0,2020년 06월 16일 00시
충북,0,2020년 06월 16일 00시
강원,0,2020년 06월 16일 00시
경기,5,2020년 06월 16일 00시
세종,0,2020년 06월 16일 00시
울산,0,2020년 06월 16일 00시
대전,3,2020년 06월 16일 00시
광주,0,2020년 06월 16일 00시
인천,2,2020년 06월 16일 00시
대구,0,2020년 06월 16일 00시
부산,1,2020년 06월 16일 00시
서울,12,2020년 06월 16일 00시
합계,34,2020년 06월 16일 00시
검역,7,2020년 06월 15일 00시
제주,0,2020년 06월 15일 00시
경남,3,2020년 06월 15일 00시
경북,0,2020년 06월 15일 00시
전남,0,2020년 06월 15일 00시
전북,0,2020년 06월 15일 00시
충남,2,2020년 06월 15일 00시
충북,0,2020년 06월 15일 00시
강원,0,2020년 06월 15일 00시
경기,10,2020년 06월 15일 00시
세종,0,2020년 06월 15일 00시
울산,0,2020년 06월 15일 00시
대전,0,2020년 06월 15일 00시
광주,0,2020년 06월 15일 00시
인천,8,2020년 06월 15일 00시
대구,0,2020년 06월 15일 00시
부산,0,2020년 06월 15일 00시
서울,7,2020년 06월 15일 00시
합계,37,2020년 06월 15일 00시
검역,1,2020년 06월 14일 00시
제주,0,2020년 06월 14일 00시
경남,0,2020년 06월 14일 00시
경북,0,2020년 06월 14일 00시
전남,0,2020년 06월 14일 00시
전북,0,2020년 06월 14일 00시
충남,0,2020년 06월 14일 00시
충북,0,2020년 06월 14일 00시
강원,1,2020년 06월 14일 00시
경기,10,2020년 06월 14일 00시
세종,0,2020년 06월 14일 00시
울산,0,2020년 06월 14일 00시
대전,0,2020년 06월 14일 00시
광주,0,2020년 06월 14일 00시
인천,8,2020년 06월 14일 00시
대구,2,2020년 06월 14일 00시
부산,0,2020년 06월 14일 00시
서울,12,2020년 06월 14일 00시
합계,34,2020년 06월 14일 00시
검역,1,2020년 6월 13일 00시
제주,0,2020년 6월 13일 00시
경남,0,2020년 6월 13일 00시
경북,0,2020년 6월 13일 00시
전남,0,2020년 6월 13일 00시
전북,0,2020년 6월 13일 00시
충남,1,2020년 6월 13일 00시
충북,0,2020년 6월 13일 00시
강원,0,2020년 6월 13일 00시
경기,14,2020년 6월 13일 00시
세종,0,2020년 6월 13일 00시
울산,0,2020년 6월 13일 00시
대전,0,2020년 6월 13일 00시
광주,0,2020년 6월 13일 00시
인천,1,2020년 6월 13일 00시
대구,3,2020년 6월 13일 00시
부산,0,2020년 6월 13일 00시
서울,29,2020년 6월 13일 00시
합계,49,2020년 6월 13일 00시
검역,10,2020년 06월 12일 00시
제주,0,2020년 06월 12일 00시
경남,0,2020년 06월 12일 00시
경북,0,2020년 06월 12일 00시
전남,0,2020년 06월 12일 00시
전북,0,2020년 06월 12일 00시
충남,0,2020년 06월 12일 00시
충북,0,2020년 06월 12일 00시
강원,0,2020년 06월 12일 00시
경기,19,2020년 06월 12일 00시
세종,0,2020년 06월 12일 00시
울산,0,2020년 06월 12일 00시
대전,0,2020년 06월 12일 00시
광주,0,2020년 06월 12일 00시
인천,1,2020년 06월 12일 00시
대구,1,2020년 06월 12일 00시
부산,0,2020년 06월 12일 00시
서울,25,2020년 06월 12일 00시
합계,56,2020년 06월 12일 00시
검역,2,2020년 06월 11일 00시
제주,0,2020년 06월 11일 00시
경남,0,2020년 06월 11일 00시
경북,0,2020년 06월 11일 00시
전남,0,2020년 06월 11일 00시
전북,0,2020년 06월 11일 00시
충남,0,2020년 06월 11일 00시
충북,0,2020년 06월 11일 00시
강원,0,2020년 06월 11일 00시
경기,16,2020년 06월 11일 00시
세종,0,2020년 06월 11일 00시
울산,0,2020년 06월 11일 00시
대전,0,2020년 06월 11일 00시
광주,0,2020년 06월 11일 00시
인천,6,2020년 06월 11일 00시
대구,0,2020년 06월 11일 00시
부산,0,2020년 06월 11일 00시
서울,21,2020년 06월 11일 00시
합계,45,2020년 06월 11일 00시
검역,6,2020년 06월 10일 00시
제주,0,2020년 06월 10일 00시
경남,2,2020년 06월 10일 00시
경북,0,2020년 06월 10일 00시
전남,0,2020년 06월 10일 00시
전북,0,2020년 06월 10일 00시
충남,0,2020년 06월 10일 00시
충북,0,2020년 06월 10일 00시
강원,1,2020년 06월 10일 00시
경기,21,2020년 06월 10일 00시
세종,0,2020년 06월 10일 00시
울산,0,2020년 06월 10일 00시
대전,0,2020년 06월 10일 00시
광주,0,2020년 06월 10일 00시
인천,8,2020년 06월 10일 00시
대구,0,2020년 06월 10일 00시
부산,0,2020년 06월 10일 00시
서울,12,2020년 06월 10일 00시
합계,50,2020년 06월 10일 00시
검역,0,2020년 06월 09일 00시
제주,0,2020년 06월 09일 00시
경남,1,2020년 06월 09일 00시
경북,0,2020년 06월 09일 00시
전남,0,2020년 06월 09일 00시
전북,0,2020년 06월 09일 00시
충남,2,2020년 06월 09일 00시
충북,0,2020년 06월 09일 00시
강원,0,2020년 06월 09일 00시
경기,13,2020년 06월 09일 00시
세종,0,2020년 06월 09일 00시
울산,0,2020년 06월 09일 00시
대전,0,2020년 06월 09일 00시
광주,0,2020년 06월 09일 00시
인천,3,2020년 06월 09일 00시
대구,0,2020년 06월 09일 00시
부산,0,2020년 06월 09일 00시
서울,19,2020년 06월 09일 00시
합계,38,2020년 06월 09일 00시
검역,3,2020년 06월 08일 00시
제주,0,2020년 06월 08일 00시
경남,0,2020년 06월 08일 00시
경북,0,2020년 06월 08일 00시
전남,0,2020년 06월 08일 00시
전북,0,2020년 06월 08일 00시
충남,0,2020년 06월 08일 00시
충북,0,2020년 06월 08일 00시
강원,0,2020년 06월 08일 00시
경기,8,2020년 06월 08일 00시
세종,0,2020년 06월 08일 00시
울산,0,2020년 06월 08일 00시
대전,0,2020년 06월 08일 00시
광주,0,2020년 06월 08일 00시
인천,4,2020년 06월 08일 00시
대구,1,2020년 06월 08일 00시
부산,0,2020년 06월 08일 00시
서울,22,2020년 06월 08일 00시
합계,38,2020년 06월 08일 00시
검역,2,2020년 06월 07일 00시
제주,0,2020년 06월 07일 00시
경남,0,2020년 06월 07일 00시
경북,0,2020년 06월 07일 00시
전남,0,2020년 06월 07일 00시
전북,0,2020년 06월 07일 00시
충남,0,2020년 06월 07일 00시
충북,1,2020년 06월 07일 00시
강원,0,2020년 06월 07일 00시
경기,19,2020년 06월 07일 00시
세종,0,2020년 06월 07일 00시
울산,1,2020년 06월 07일 00시
대전,0,2020년 06월 07일 00시
광주,0,2020년 06월 07일 00시
인천,6,2020년 06월 07일 00시
대구,1,2020년 06월 07일 00시
부산,0,2020년 06월 07일 00시
서울,27,2020년 06월 07일 00시
합계,57,2020년 06월 07일 00시
검역,5,2020년 6월 5일 00시
제주,0,2020년 6월 5일 00시
경남,1,2020년 6월 5일 00시
경북,1,2020년 6월 5일 00시
전남,0,2020년 6월 5일 00시
전북,0,2020년 6월 5일 00시
충남,1,2020년 6월 5일 00시
충북,0,2020년 6월 5일 00시
강원,1,2020년 6월 5일 00시
경기,8,2020년 6월 5일 00시
세종,0,2020년 6월 5일 00시
울산,0,2020년 6월 5일 00시
대전,0,2020년 6월 5일 00시
광주,0,2020년 6월 5일 00시
인천,11,2020년 6월 5일 00시
대구,0,2020년 6월 5일 00시
부산,0,2020년 6월 5일 00시
서울,23,2020년 6월 5일 00시
합계,51,2020년 6월 5일 00시
검역,1,2020년 06월 05일 00시
제주,0,2020년 06월 05일 00시
경남,0,2020년 06월 05일 00시
경북,2,2020년 06월 05일 00시
전남,0,2020년 06월 05일 00시
전북,0,2020년 06월 05일 00시
충남,1,2020년 06월 05일 00시
충북,0,2020년 06월 05일 00시
강원,0,2020년 06월 05일 00시
경기,13,2020년 06월 05일 00시
세종,0,2020년 06월 05일 00시
울산,0,2020년 06월 05일 00시
대전,0,2020년 06월 05일 00시
광주,0,2020년 06월 05일 00시
인천,6,2020년 06월 05일 00시
대구,1,2020년 06월 05일 00시
부산,0,2020년 06월 05일 00시
서울,15,2020년 06월 05일 00시
합계,39,2020년 06월 05일 00시
검역,2,2020년 06월 04일 00시
제주,0,2020년 06월 04일 00시
경남,0,2020년 06월 04일 00시
경북,1,2020년 06월 04일 00시
전남,0,2020년 06월 04일 00시
전북,0,2020년 06월 04일 00시
충남,0,2020년 06월 04일 00시
충북,0,2020년 06월 04일 00시
강원,0,2020년 06월 04일 00시
경기,15,2020년 06월 04일 00시
세종,0,2020년 06월 04일 00시
울산,0,2020년 06월 04일 00시
대전,0,2020년 06월 04일 00시
광주,0,2020년 06월 04일 00시
인천,7,2020년 06월 04일 00시
대구,0,2020년 06월 04일 00시
부산,0,2020년 06월 04일 00시
서울,14,2020년 06월 04일 00시
합계,39,2020년 06월 04일 00시
검역,0,2020년 06월 03일 00시
제주,0,2020년 06월 03일 00시
경남,0,2020년 06월 03일 00시
경북,0,2020년 06월 03일 00시
전남,0,2020년 06월 03일 00시
전북,0,2020년 06월 03일 00시
충남,0,2020년 06월 03일 00시
충북,0,2020년 06월 03일 00시
강원,0,2020년 06월 03일 00시
경기,12,2020년 06월 03일 00시
세종,0,2020년 06월 03일 00시
울산,0,2020년 06월 03일 00시
대전,0,2020년 06월 03일 00시
광주,0,2020년 06월 03일 00시
인천,17,2020년 06월 03일 00시
대구,1,2020년 06월 03일 00시
부산,0,2020년 06월 03일 00시
서울,19,2020년 06월 03일 00시
합계,49,2020년 06월 03일 00시
검역,1,2020년 06월 02일 00시
제주,0,2020년 06월 02일 00시
경남,0,2020년 06월 02일 00시
경북,0,2020년 06월 02일 00시
전남,0,2020년 06월 02일 00시
전북,0,2020년 06월 02일 00시
충남,0,2020년 06월 02일 00시
충북,0,2020년 06월 02일 00시
강원,0,2020년 06월 02일 00시
경기,15,2020년 06월 02일 00시
세종,0,2020년 06월 02일 00시
울산,0,2020년 06월 02일 00시
대전,0,2020년 06월 02일 00시
광주,0,2020년 06월 02일 00시
인천,8,2020년 06월 02일 00시
대구,0,2020년 06월 02일 00시
부산,0,2020년 06월 02일 00시
서울,14,2020년 06월 02일 00시
합계,38,2020년 06월 02일 00시
검역,2,2020년 06월 01일 00시
제주,0,2020년 06월 01일 00시
경남,0,2020년 06월 01일 00시
경북,0,2020년 06월 01일 00시
전남,1,2020년 06월 01일 00시
전북,0,2020년 06월 01일 00시
충남,0,2020년 06월 01일 00시
충북,0,2020년 06월 01일 00시
강원,0,2020년 06월 01일 00시
경기,12,2020년 06월 01일 00시
세종,0,2020년 06월 01일 00시
울산,0,2020년 06월 01일 00시
대전,0,2020년 06월 01일 00시
광주,0,2020년 06월 01일 00시
인천,18,2020년 06월 01일 00시
대구,1,2020년 06월 01일 00시
부산,0,2020년 06월 01일 00시
서울,1,2020년 06월 01일 00시
합계,35,2020년 06월 01일 00시
검역,0,2020년 05월 31일 00시
제주,1,2020년 05월 31일 00시
경남,0,2020년 05월 31일 00시
경북,0,2020년 05월 31일 00시
전남,0,2020년 05월 31일 00시
전북,0,2020년 05월 31일 00시
충남,0,2020년 05월 31일 00시
충북,0,2020년 05월 31일 00시
강원,0,2020년 05월 31일 00시
경기,12,2020년 05월 31일 00시
세종,0,2020년 05월 31일 00시
울산,2,2020년 05월 31일 00시
대전,1,2020년 05월 31일 00시
광주,0,2020년 05월 31일 00시
인천,3,2020년 05월 31일 00시
대구,1,2020년 05월 31일 00시
부산,1,2020년 05월 31일 00시
서울,6,2020년 05월 31일 00시
합계,27,2020년 05월 31일 00시
검역,5,2020년 5월 30일 00시
제주,0,2020년 5월 30일 00시
경남,0,2020년 5월 30일 00시
경북,0,2020년 5월 30일 00시
전남,1,2020년 5월 30일 00시
전북,0,2020년 5월 30일 00시
충남,0,2020년 5월 30일 00시
충북,0,2020년 5월 30일 00시
강원,1,2020년 5월 30일 00시
경기,13,2020년 5월 30일 00시
세종,0,2020년 5월 30일 00시
울산,0,2020년 5월 30일 00시
대전,0,2020년 5월 30일 00시
광주,2,2020년 5월 30일 00시
인천,5,2020년 5월 30일 00시
대구,2,2020년 5월 30일 00시
부산,1,2020년 5월 30일 00시
서울,9,2020년 5월 30일 00시
합계,39,2020년 5월 30일 00시
검역,0,2020년 05월 29일 00시
제주,0,2020년 05월 29일 00시
경남,0,2020년 05월 29일 00시
경북,0,2020년 05월 29일 00시
전남,0,2020년 05월 29일 00시
전북,0,2020년 05월 29일 00시
충남,0,2020년 05월 29일 00시
충북,0,2020년 05월 29일 00시
강원,0,2020년 05월 29일 00시
경기,20,2020년 05월 29일 00시
세종,0,2020년 05월 29일 00시
울산,0,2020년 05월 29일 00시
대전,0,2020년 05월 29일 00시
광주,0,2020년 05월 29일 00시
인천,18,2020년 05월 29일 00시
대구,0,2020년 05월 29일 00시
부산,0,2020년 05월 29일 00시
서울,20,2020년 05월 29일 00시
합계,58,2020년 05월 29일 00시
검역,7,2020년 05월 28일 00시
제주,0,2020년 05월 28일 00시
경남,0,2020년 05월 28일 00시
경북,1,2020년 05월 28일 00시
전남,0,2020년 05월 28일 00시
전북,0,2020년 05월 28일 00시
충남,1,2020년 05월 28일 00시
충북,0,2020년 05월 28일 00시
강원,0,2020년 05월 28일 00시
경기,21,2020년 05월 28일 00시
세종,0,2020년 05월 28일 00시
울산,0,2020년 05월 28일 00시
대전,0,2020년 05월 28일 00시
광주,0,2020년 05월 28일 00시
인천,22,2020년 05월 28일 00시
대구,2,2020년 05월 28일 00시
부산,1,2020년 05월 28일 00시
서울,24,2020년 05월 28일 00시
합계,79,2020년 05월 28일 00시
검역,1,2020년 05월 27일 00시
제주,0,2020년 05월 27일 00시
경남,0,2020년 05월 27일 00시
경북,0,2020년 05월 27일 00시
전남,0,2020년 05월 27일 00시
전북,0,2020년 05월 27일 00시
충남,0,2020년 05월 27일 00시
충북,0,2020년 05월 27일 00시
강원,0,2020년 05월 27일 00시
경기,6,2020년 05월 27일 00시
세종,0,2020년 05월 27일 00시
울산,0,2020년 05월 27일 00시
대전,0,2020년 05월 27일 00시
광주,0,2020년 05월 27일 00시
인천,11,2020년 05월 27일 00시
대구,3,2020년 05월 27일 00시
부산,0,2020년 05월 27일 00시
서울,19,2020년 05월 27일 00시
합계,40,2020년 05월 27일 00시
검역,2,2020년 05월 26일 00시
제주,0,2020년 05월 26일 00시
경남,0,2020년 05월 26일 00시
경북,1,2020년 05월 26일 00시
전남,0,2020년 05월 26일 00시
전북,0,2020년 05월 26일 00시
충남,0,2020년 05월 26일 00시
충북,1,2020년 05월 26일 00시
강원,0,2020년 05월 26일 00시
경기,2,2020년 05월 26일 00시
세종,0,2020년 05월 26일 00시
울산,0,2020년 05월 26일 00시
대전,0,2020년 05월 26일 00시
광주,0,2020년 05월 26일 00시
인천,3,2020년 05월 26일 00시
대구,1,2020년 05월 26일 00시
부산,0,2020년 05월 26일 00시
서울,9,2020년 05월 26일 00시
합계,19,2020년 05월 26일 00시
검역,1,2020년 05월 25일 00시
제주,0,2020년 05월 25일 00시
경남,0,2020년 05월 25일 00시
경북,1,2020년 05월 25일 00시
전남,0,2020년 05월 25일 00시
전북,0,2020년 05월 25일 00시
충남,0,2020년 05월 25일 00시
충북,0,2020년 05월 25일 00시
강원,0,2020년 05월 25일 00시
경기,6,2020년 05월 25일 00시
세종,0,2020년 05월 25일 00시
울산,0,2020년 05월 25일 00시
대전,0,2020년 05월 25일 00시
광주,0,2020년 05월 25일 00시
인천,1,2020년 05월 25일 00시
대구,1,2020년 05월 25일 00시
부산,0,2020년 05월 25일 00시
서울,6,2020년 05월 25일 00시
합계,16,2020년 05월 25일 00시
검역,4,2020년 05월 24일 00시
제주,0,2020년 05월 24일 00시
경남,0,2020년 05월 24일 00시
경북,6,2020년 05월 24일 00시
전남,0,2020년 05월 24일 00시
전북,0,2020년 05월 24일 00시
충남,0,2020년 05월 24일 00시
충북,0,2020년 05월 24일 00시
강원,1,2020년 05월 24일 00시
경기,6,2020년 05월 24일 00시
세종,0,2020년 05월 24일 00시
울산,0,2020년 05월 24일 00시
대전,0,2020년 05월 24일 00시
광주,0,2020년 05월 24일 00시
인천,2,2020년 05월 24일 00시
대구,0,2020년 05월 24일 00시
부산,0,2020년 05월 24일 00시
서울,6,2020년 05월 24일 00시
합계,25,2020년 05월 24일 00시
검역,3,2020년 5월 23일 00시
제주,0,2020년 5월 23일 00시
경남,1,2020년 5월 23일 00시
경북,0,2020년 5월 23일 00시
전남,0,2020년 5월 23일 00시
전북,0,2020년 5월 23일 00시
충남,0,2020년 5월 23일 00시
충북,0,2020년 5월 23일 00시
강원,0,2020년 5월 23일 00시
경기,13,2020년 5월 23일 00시
세종,0,2020년 5월 23일 00시
울산,0,2020년 5월 23일 00시
대전,1,2020년 5월 23일 00시
광주,0,2020년 5월 23일 00시
인천,0,2020년 5월 23일 00시
대구,1,2020년 5월 23일 00시
부산,0,2020년 5월 23일 00시
서울,4,2020년 5월 23일 00시
합계,23,2020년 5월 23일 00시
검역,7,2020년 05월 22일 00시
제주,0,2020년 05월 22일 00시
경남,1,2020년 05월 22일 00시
경북,2,2020년 05월 22일 00시
전남,0,2020년 05월 22일 00시
전북,0,2020년 05월 22일 00시
충남,0,2020년 05월 22일 00시
충북,0,2020년 05월 22일 00시
강원,0,2020년 05월 22일 00시
경기,6,2020년 05월 22일 00시
세종,0,2020년 05월 22일 00시
울산,1,2020년 05월 22일 00시
대전,0,2020년 05월 22일 00시
광주,0,2020년 05월 22일 00시
인천,1,2020년 05월 22일 00시
대구,0,2020년 05월 22일 00시
부산,0,2020년 05월 22일 00시
서울,2,2020년 05월 22일 00시
합계,20,2020년 05월 22일 00시
검역,1,2020년 05월 21일 00시
제주,0,2020년 05월 21일 00시
경남,0,2020년 05월 21일 00시
경북,0,2020년 05월 21일 00시
전남,0,2020년 05월 21일 00시
전북,0,2020년 05월 21일 00시
충남,1,2020년 05월 21일 00시
충북,0,2020년 05월 21일 00시
강원,0,2020년 05월 21일 00시
경기,0,2020년 05월 21일 00시
세종,0,2020년 05월 21일 00시
울산,0,2020년 05월 21일 00시
대전,0,2020년 05월 21일 00시
광주,0,2020년 05월 21일 00시
인천,6,2020년 05월 21일 00시
대구,0,2020년 05월 21일 00시
부산,0,2020년 05월 21일 00시
서울,4,2020년 05월 21일 00시
합계,12,2020년 05월 21일 00시
검역,2,2020년 05월 20일 00시
제주,0,2020년 05월 20일 00시
경남,0,2020년 05월 20일 00시
경북,0,2020년 05월 20일 00시
전남,0,2020년 05월 20일 00시
전북,1,2020년 05월 20일 00시
충남,0,2020년 05월 20일 00시
충북,0,2020년 05월 20일 00시
강원,0,2020년 05월 20일 00시
경기,10,2020년 05월 20일 00시
세종,0,2020년 05월 20일 00시
울산,0,2020년 05월 20일 00시
대전,0,2020년 05월 20일 00시
광주,0,2020년 05월 20일 00시
인천,8,2020년 05월 20일 00시
대구,1,2020년 05월 20일 00시
부산,0,2020년 05월 20일 00시
서울,10,2020년 05월 20일 00시
합계,32,2020년 05월 20일 00시
검역,0,2020년 05월 19일 00시
제주,0,2020년 05월 19일 00시
경남,0,2020년 05월 19일 00시
경북,0,2020년 05월 19일 00시
전남,0,2020년 05월 19일 00시
전북,0,2020년 05월 19일 00시
충남,0,2020년 05월 19일 00시
충북,0,2020년 05월 19일 00시
강원,0,2020년 05월 19일 00시
경기,1,2020년 05월 19일 00시
세종,0,2020년 05월 19일 00시
울산,4,2020년 05월 19일 00시
대전,0,2020년 05월 19일 00시
광주,0,2020년 05월 19일 00시
인천,2,2020년 05월 19일 00시
대구,0,2020년 05월 19일 00시
부산,0,2020년 05월 19일 00시
서울,6,2020년 05월 19일 00시
합계,13,2020년 05월 19일 00시
검역,7,2020년 05월 18일 00시
제주,0,2020년 05월 18일 00시
경남,0,2020년 05월 18일 00시
경북,0,2020년 05월 18일 00시
전남,0,2020년 05월 18일 00시
전북,0,2020년 05월 18일 00시
충남,0,2020년 05월 18일 00시
충북,3,2020년 05월 18일 00시
강원,0,2020년 05월 18일 00시
경기,3,2020년 05월 18일 00시
세종,0,2020년 05월 18일 00시
울산,0,2020년 05월 18일 00시
대전,0,2020년 05월 18일 00시
광주,0,2020년 05월 18일 00시
인천,0,2020년 05월 18일 00시
대구,1,2020년 05월 18일 00시
부산,0,2020년 05월 18일 00시
서울,1,2020년 05월 18일 00시
합계,15,2020년 05월 18일 00시
검역,4,2020년 05월 17일 00시
제주,0,2020년 05월 17일 00시
경남,2,2020년 05월 17일 00시
경북,0,2020년 05월 17일 00시
전남,0,2020년 05월 17일 00시
전북,0,2020년 05월 17일 00시
충남,0,2020년 05월 17일 00시
충북,0,2020년 05월 17일 00시
강원,0,2020년 05월 17일 00시
경기,0,2020년 05월 17일 00시
세종,0,2020년 05월 17일 00시
울산,0,2020년 05월 17일 00시
대전,1,2020년 05월 17일 00시
광주,0,2020년 05월 17일 00시
인천,0,2020년 05월 17일 00시
대구,1,2020년 05월 17일 00시
부산,0,2020년 05월 17일 00시
서울,5,2020년 05월 17일 00시
합계,13,2020년 05월 17일 00시
검역,8,2020년 5월 16일 00시
제주,0,2020년 5월 16일 00시
경남,0,2020년 5월 16일 00시
경북,0,2020년 5월 16일 00시
전남,0,2020년 5월 16일 00시
전북,0,2020년 5월 16일 00시
충남,0,2020년 5월 16일 00시
충북,1,2020년 5월 16일 00시
강원,0,2020년 5월 16일 00시
경기,4,2020년 5월 16일 00시
세종,0,2020년 5월 16일 00시
울산,0,2020년 5월 16일 00시
대전,0,2020년 5월 16일 00시
광주,0,2020년 5월 16일 00시
인천,0,2020년 5월 16일 00시
대구,1,2020년 5월 16일 00시
부산,0,2020년 5월 16일 00시
서울,5,2020년 5월 16일 00시
합계,19,2020년 5월 16일 00시
검역,1,2020년 05월 15일 00시
제주,0,2020년 05월 15일 00시
경남,0,2020년 05월 15일 00시
경북,0,2020년 05월 15일 00시
전남,1,2020년 05월 15일 00시
전북,0,2020년 05월 15일 00시
충남,0,2020년 05월 15일 00시
충북,0,2020년 05월 15일 00시
강원,0,2020년 05월 15일 00시
경기,3,2020년 05월 15일 00시
세종,0,2020년 05월 15일 00시
울산,0,2020년 05월 15일 00시
대전,0,2020년 05월 15일 00시
광주,0,2020년 05월 15일 00시
인천,5,2020년 05월 15일 00시
대구,3,2020년 05월 15일 00시
부산,0,2020년 05월 15일 00시
서울,14,2020년 05월 15일 00시
합계,27,2020년 05월 15일 00시
검역,0,2020년 5월 14일 00시
제주,0,2020년 5월 14일 00시
경남,0,2020년 5월 14일 00시
경북,1,2020년 5월 14일 00시
전남,1,2020년 5월 14일 00시
전북,0,2020년 5월 14일 00시
충남,1,2020년 5월 14일 00시
충북,3,2020년 5월 14일 00시
강원,1,2020년 5월 14일 00시
경기,6,2020년 5월 14일 00시
세종,0,2020년 5월 14일 00시
울산,0,2020년 5월 14일 00시
대전,0,2020년 5월 14일 00시
광주,0,2020년 5월 14일 00시
인천,12,2020년 5월 14일 00시
대구,0,2020년 5월 14일 00시
부산,0,2020년 5월 14일 00시
서울,4,2020년 5월 14일 00시
합계,29,2020년 5월 14일 00시
검역,1,2020년 05월 13일 00시
제주,0,2020년 05월 13일 00시
경남,1,2020년 05월 13일 00시
경북,0,2020년 05월 13일 00시
전남,0,2020년 05월 13일 00시
전북,1,2020년 05월 13일 00시
충남,0,2020년 05월 13일 00시
충북,0,2020년 05월 13일 00시
강원,0,2020년 05월 13일 00시
경기,2,2020년 05월 13일 00시
세종,0,2020년 05월 13일 00시
울산,1,2020년 05월 13일 00시
대전,0,2020년 05월 13일 00시
광주,0,2020년 05월 13일 00시
인천,2,2020년 05월 13일 00시
대구,3,2020년 05월 13일 00시
부산,3,2020년 05월 13일 00시
서울,12,2020년 05월 13일 00시
합계,26,2020년 05월 13일 00시
검역,1,2020년 05월 12일 00시
제주,0,2020년 05월 12일 00시
경남,1,2020년 05월 12일 00시
경북,1,2020년 05월 12일 00시
전남,0,2020년 05월 12일 00시
전북,0,2020년 05월 12일 00시
충남,0,2020년 05월 12일 00시
충북,0,2020년 05월 12일 00시
강원,0,2020년 05월 12일 00시
경기,8,2020년 05월 12일 00시
세종,0,2020년 05월 12일 00시
울산,0,2020년 05월 12일 00시
대전,2,2020년 05월 12일 00시
광주,0,2020년 05월 12일 00시
인천,1,2020년 05월 12일 00시
대구,1,2020년 05월 12일 00시
부산,0,2020년 05월 12일 00시
서울,12,2020년 05월 12일 00시
합계,27,2020년 05월 12일 00시
검역,3,2020년 05월 11일 00시
제주,0,2020년 05월 11일 00시
경남,0,2020년 05월 11일 00시
경북,0,2020년 05월 11일 00시
전남,0,2020년 05월 11일 00시
전북,0,2020년 05월 11일 00시
충남,0,2020년 05월 11일 00시
충북,3,2020년 05월 11일 00시
강원,1,2020년 05월 11일 00시
경기,4,2020년 05월 11일 00시
세종,1,2020년 05월 11일 00시
울산,0,2020년 05월 11일 00시
대전,0,2020년 05월 11일 00시
광주,0,2020년 05월 11일 00시
인천,3,2020년 05월 11일 00시
대구,0,2020년 05월 11일 00시
부산,0,2020년 05월 11일 00시
서울,20,2020년 05월 11일 00시
합계,35,2020년 05월 11일 00시
검역,6,2020년 5월 10일 00시
제주,1,2020년 5월 10일 00시
경남,0,2020년 5월 10일 00시
경북,0,2020년 5월 10일 00시
전남,0,2020년 5월 10일 00시
전북,0,2020년 5월 10일 00시
충남,0,2020년 5월 10일 00시
충북,2,2020년 5월 10일 00시
강원,0,2020년 5월 10일 00시
경기,6,2020년 5월 10일 00시
세종,0,2020년 5월 10일 00시
울산,0,2020년 5월 10일 00시
대전,0,2020년 5월 10일 00시
광주,0,2020년 5월 10일 00시
인천,3,2020년 5월 10일 00시
대구,2,2020년 5월 10일 00시
부산,0,2020년 5월 10일 00시
서울,14,2020년 5월 10일 00시
합계,34,2020년 5월 10일 00시
검역,0,2020년 05월 09일 00시
제주,0,2020년 05월 09일 00시
경남,0,2020년 05월 09일 00시
경북,0,2020년 05월 09일 00시
전남,0,2020년 05월 09일 00시
전북,0,2020년 05월 09일 00시
충남,0,2020년 05월 09일 00시
충북,0,2020년 05월 09일 00시
강원,0,2020년 05월 09일 00시
경기,4,2020년 05월 09일 00시
세종,0,2020년 05월 09일 00시
울산,0,2020년 05월 09일 00시
대전,0,2020년 05월 09일 00시
광주,0,2020년 05월 09일 00시
인천,1,2020년 05월 09일 00시
대구,0,2020년 05월 09일 00시
부산,1,2020년 05월 09일 00시
서울,12,2020년 05월 09일 00시
합계,18,2020년 05월 09일 00시
검역,3,2020년 05월 08일 00시
제주,0,2020년 05월 08일 00시
경남,0,2020년 05월 08일 00시
경북,0,2020년 05월 08일 00시
전남,0,2020년 05월 08일 00시
전북,1,2020년 05월 08일 00시
충남,0,2020년 05월 08일 00시
충북,1,2020년 05월 08일 00시
강원,0,2020년 05월 08일 00시
경기,2,2020년 05월 08일 00시
세종,0,2020년 05월 08일 00시
울산,0,2020년 05월 08일 00시
대전,0,2020년 05월 08일 00시
광주,0,2020년 05월 08일 00시
인천,0,2020년 05월 08일 00시
대구,3,2020년 05월 08일 00시
부산,2,2020년 05월 08일 00시
서울,0,2020년 05월 08일 00시
합계,12,2020년 05월 08일 00시
검역,1,2020년 05월 07일 00시
제주,0,2020년 05월 07일 00시
경남,0,2020년 05월 07일 00시
경북,0,2020년 05월 07일 00시
전남,0,2020년 05월 07일 00시
전북,0,2020년 05월 07일 00시
충남,0,2020년 05월 07일 00시
충북,1,2020년 05월 07일 00시
강원,0,2020년 05월 07일 00시
경기,1,2020년 05월 07일 00시
세종,0,2020년 05월 07일 00시
울산,0,2020년 05월 07일 00시
대전,1,2020년 05월 07일 00시
광주,0,2020년 05월 07일 00시
인천,0,2020년 05월 07일 00시
대구,0,2020년 05월 07일 00시
부산,0,2020년 05월 07일 00시
서울,0,2020년 05월 07일 00시
합계,4,2020년 05월 07일 00시
검역,2,2020년 05월 06일 00시
제주,0,2020년 05월 06일 00시
경남,0,2020년 05월 06일 00시
경북,0,2020년 05월 06일 00시
전남,0,2020년 05월 06일 00시
전북,0,2020년 05월 06일 00시
충남,0,2020년 05월 06일 00시
충북,0,2020년 05월 06일 00시
강원,0,2020년 05월 06일 00시
경기,0,2020년 05월 06일 00시
세종,0,2020년 05월 06일 00시
울산,0,2020년 05월 06일 00시
대전,0,2020년 05월 06일 00시
광주,0,2020년 05월 06일 00시
인천,0,2020년 05월 06일 00시
대구,0,2020년 05월 06일 00시
부산,0,2020년 05월 06일 00시
서울,0,2020년 05월 06일 00시
합계,2,2020년 05월 06일 00시
검역,2,2020년 5월 5일 00시
제주,0,2020년 5월 5일 00시
경남,0,2020년 5월 5일 00시
경북,0,2020년 5월 5일 00시
전남,0,2020년 5월 5일 00시
전북,0,2020년 5월 5일 00시
충남,0,2020년 5월 5일 00시
충북,0,2020년 5월 5일 00시
강원,0,2020년 5월 5일 00시
경기,0,2020년 5월 5일 00시
세종,0,2020년 5월 5일 00시
울산,0,2020년 5월 5일 00시
대전,0,2020년 5월 5일 00시
광주,0,2020년 5월 5일 00시
인천,1,2020년 5월 5일 00시
대구,0,2020년 5월 5일 00시
부산,0,2020년 5월 5일 00시
서울,0,2020년 5월 5일 00시
합계,3,2020년 5월 5일 00시
검역,4,2020년 05월 04일 00시
제주,0,2020년 05월 04일 00시
경남,0,2020년 05월 04일 00시
경북,0,2020년 05월 04일 00시
전남,1,2020년 05월 04일 00시
전북,0,2020년 05월 04일 00시
충남,0,2020년 05월 04일 00시
충북,0,2020년 05월 04일 00시
강원,0,2020년 05월 04일 00시
경기,1,2020년 05월 04일 00시
세종,0,2020년 05월 04일 00시
울산,1,2020년 05월 04일 00시
대전,0,2020년 05월 04일 00시
광주,0,2020년 05월 04일 00시
인천,1,2020년 05월 04일 00시
대구,0,2020년 05월 04일 00시
부산,0,2020년 05월 04일 00시
서울,0,2020년 05월 04일 00시
합계,8,2020년 05월 04일 00시
검역,5,2020년 05월 03일 00시
제주,0,2020년 05월 03일 00시
경남,0,2020년 05월 03일 00시
경북,0,2020년 05월 03일 00시
전남,0,2020년 05월 03일 00시
전북,0,2020년 05월 03일 00시
충남,0,2020년 05월 03일 00시
충북,0,2020년 05월 03일 00시
강원,0,2020년 05월 03일 00시
경기,2,2020년 05월 03일 00시
세종,0,2020년 05월 03일 00시
울산,0,2020년 05월 03일 00시
대전,0,2020년 05월 03일 00시
광주,0,2020년 05월 03일 00시
인천,0,2020년 05월 03일 00시
대구,4,2020년 05월 03일 00시
부산,0,2020년 05월 03일 00시
서울,2,2020년 05월 03일 00시
합계,13,2020년 05월 03일 00시
검역,3,2020년 05월 02일 00시
제주,0,2020년 05월 02일 00시
경남,0,2020년 05월 02일 00시
경북,0,2020년 05월 02일 00시
전남,0,2020년 05월 02일 00시
전북,0,2020년 05월 02일 00시
충남,0,2020년 05월 02일 00시
충북,0,2020년 05월 02일 00시
강원,0,2020년 05월 02일 00시
경기,0,2020년 05월 02일 00시
세종,0,2020년 05월 02일 00시
울산,0,2020년 05월 02일 00시
대전,0,2020년 05월 02일 00시
광주,0,2020년 05월 02일 00시
인천,1,2020년 05월 02일 00시
대구,0,2020년 05월 02일 00시
부산,1,2020년 05월 02일 00시
서울,1,2020년 05월 02일 00시
합계,6,2020년 05월 02일 00시
검역,4,2020년 5월 1일 00시
제주,0,2020년 5월 1일 00시
경남,0,2020년 5월 1일 00시
경북,1,2020년 5월 1일 00시
전남,0,2020년 5월 1일 00시
전북,0,2020년 5월 1일 00시
충남,0,2020년 5월 1일 00시
충북,0,2020년 5월 1일 00시
강원,0,2020년 5월 1일 00시
경기,2,2020년 5월 1일 00시
세종,0,2020년 5월 1일 00시
울산,0,2020년 5월 1일 00시
대전,0,2020년 5월 1일 00시
광주,0,2020년 5월 1일 00시
인천,1,2020년 5월 1일 00시
대구,0,2020년 5월 1일 00시
부산,0,2020년 5월 1일 00시
서울,1,2020년 5월 1일 00시
합계,9,2020년 5월 1일 00시
검역,4,2020년 4월 30일 00시
제주,0,2020년 4월 30일 00시
경남,0,2020년 4월 30일 00시
경북,0,2020년 4월 30일 00시
전남,0,2020년 4월 30일 00시
전북,0,2020년 4월 30일 00시
충남,0,2020년 4월 30일 00시
충북,0,2020년 4월 30일 00시
강원,0,2020년 4월 30일 00시
경기,0,2020년 4월 30일 00시
세종,0,2020년 4월 30일 00시
울산,0,2020년 4월 30일 00시
대전,0,2020년 4월 30일 00시
광주,0,2020년 4월 30일 00시
인천,0,2020년 4월 30일 00시
대구,0,2020년 4월 30일 00시
부산,0,2020년 4월 30일 00시
서울,0,2020년 4월 30일 00시
합계,4,2020년 4월 30일 00시
검역,3,2020년 04월 29일 00시
제주,0,2020년 04월 29일 00시
경남,0,2020년 04월 29일 00시
경북,0,2020년 04월 29일 00시
전남,0,2020년 04월 29일 00시
전북,0,2020년 04월 29일 00시
충남,1,2020년 04월 29일 00시
충북,0,2020년 04월 29일 00시
강원,0,2020년 04월 29일 00시
경기,2,2020년 04월 29일 00시
세종,0,2020년 04월 29일 00시
울산,0,2020년 04월 29일 00시
대전,0,2020년 04월 29일 00시
광주,0,2020년 04월 29일 00시
인천,0,2020년 04월 29일 00시
대구,3,2020년 04월 29일 00시
부산,0,2020년 04월 29일 00시
서울,0,2020년 04월 29일 00시
합계,9,2020년 04월 29일 00시
검역,3,2020년 04월 28일 00시
제주,0,2020년 04월 28일 00시
경남,0,2020년 04월 28일 00시
경북,1,2020년 04월 28일 00시
전남,0,2020년 04월 28일 00시
전북,0,2020년 04월 28일 00시
충남,0,2020년 04월 28일 00시
충북,0,2020년 04월 28일 00시
강원,0,2020년 04월 28일 00시
경기,3,2020년 04월 28일 00시
세종,0,2020년 04월 28일 00시
울산,0,2020년 04월 28일 00시
대전,0,2020년 04월 28일 00시
광주,0,2020년 04월 28일 00시
인천,1,2020년 04월 28일 00시
대구,2,2020년 04월 28일 00시
부산,0,2020년 04월 28일 00시
서울,4,2020년 04월 28일 00시
합계,14,2020년 04월 28일 00시
검역,5,2020년 04월 27일 00시
제주,0,2020년 04월 27일 00시
경남,0,2020년 04월 27일 00시
경북,0,2020년 04월 27일 00시
전남,0,2020년 04월 27일 00시
전북,0,2020년 04월 27일 00시
충남,1,2020년 04월 27일 00시
충북,0,2020년 04월 27일 00시
강원,0,2020년 04월 27일 00시
경기,3,2020년 04월 27일 00시
세종,0,2020년 04월 27일 00시
울산,0,2020년 04월 27일 00시
대전,0,2020년 04월 27일 00시
광주,0,2020년 04월 27일 00시
인천,0,2020년 04월 27일 00시
대구,1,2020년 04월 27일 00시
부산,0,2020년 04월 27일 00시
서울,0,2020년 04월 27일 00시
합계,10,2020년 04월 27일 00시
검역,1,2020년 04월 26일 00시
제주,0,2020년 04월 26일 00시
경남,0,2020년 04월 26일 00시
경북,0,2020년 04월 26일 00시
전남,0,2020년 04월 26일 00시
전북,1,2020년 04월 26일 00시
충남,0,2020년 04월 26일 00시
충북,0,2020년 04월 26일 00시
강원,0,2020년 04월 26일 00시
경기,6,2020년 04월 26일 00시
세종,0,2020년 04월 26일 00시
울산,0,2020년 04월 26일 00시
대전,0,2020년 04월 26일 00시
광주,0,2020년 04월 26일 00시
인천,0,2020년 04월 26일 00시
대구,1,2020년 04월 26일 00시
부산,1,2020년 04월 26일 00시
서울,0,2020년 04월 26일 00시
합계,10,2020년 04월 26일 00시
검역,4,2020년 4월 25일 00시
제주,0,2020년 4월 25일 00시
경남,0,2020년 4월 25일 00시
경북,0,2020년 4월 25일 00시
전남,0,2020년 4월 25일 00시
전북,0,2020년 4월 25일 00시
충남,0,2020년 4월 25일 00시
충북,0,2020년 4월 25일 00시
강원,0,2020년 4월 25일 00시
경기,2,2020년 4월 25일 00시
세종,0,2020년 4월 25일 00시
울산,0,2020년 4월 25일 00시
대전,0,2020년 4월 25일 00시
광주,0,2020년 4월 25일 00시
인천,0,2020년 4월 25일 00시
대구,3,2020년 4월 25일 00시
부산,0,2020년 4월 25일 00시
서울,1,2020년 4월 25일 00시
합계,10,2020년 4월 25일 00시
검역,1,2020년 04월 24일 00시
제주,0,2020년 04월 24일 00시
경남,0,2020년 04월 24일 00시
경북,1,2020년 04월 24일 00시
전남,0,2020년 04월 24일 00시
전북,0,2020년 04월 24일 00시
충남,0,2020년 04월 24일 00시
충북,0,2020년 04월 24일 00시
강원,0,2020년 04월 24일 00시
경기,1,2020년 04월 24일 00시
세종,0,2020년 04월 24일 00시
울산,0,2020년 04월 24일 00시
대전,0,2020년 04월 24일 00시
광주,0,2020년 04월 24일 00시
인천,0,2020년 04월 24일 00시
대구,2,2020년 04월 24일 00시
부산,1,2020년 04월 24일 00시
서울,0,2020년 04월 24일 00시
합계,6,2020년 04월 24일 00시
검역,2,2020년 04월 23일 00시
제주,0,2020년 04월 23일 00시
경남,0,2020년 04월 23일 00시
경북,0,2020년 04월 23일 00시
전남,0,2020년 04월 23일 00시
전북,0,2020년 04월 23일 00시
충남,0,2020년 04월 23일 00시
충북,0,2020년 04월 23일 00시
강원,0,2020년 04월 23일 00시
경기,1,2020년 04월 23일 00시
세종,0,2020년 04월 23일 00시
울산,0,2020년 04월 23일 00시
대전,0,2020년 04월 23일 00시
광주,0,2020년 04월 23일 00시
인천,0,2020년 04월 23일 00시
대구,4,2020년 04월 23일 00시
부산,1,2020년 04월 23일 00시
서울,0,2020년 04월 23일 00시
합계,8,2020년 04월 23일 00시
검역,2,2020년 04월 22일 00시
제주,0,2020년 04월 22일 00시
경남,1,2020년 04월 22일 00시
경북,2,2020년 04월 22일 00시
전남,0,2020년 04월 22일 00시
전북,0,2020년 04월 22일 00시
충남,0,2020년 04월 22일 00시
충북,0,2020년 04월 22일 00시
강원,0,2020년 04월 22일 00시
경기,0,2020년 04월 22일 00시
세종,0,2020년 04월 22일 00시
울산,0,2020년 04월 22일 00시
대전,1,2020년 04월 22일 00시
광주,0,2020년 04월 22일 00시
인천,0,2020년 04월 22일 00시
대구,1,2020년 04월 22일 00시
부산,2,2020년 04월 22일 00시
서울,2,2020년 04월 22일 00시
합계,11,2020년 04월 22일 00시
검역,3,2020년 04월 21일 00시
제주,0,2020년 04월 21일 00시
경남,0,2020년 04월 21일 00시
경북,0,2020년 04월 21일 00시
전남,0,2020년 04월 21일 00시
전북,0,2020년 04월 21일 00시
충남,0,2020년 04월 21일 00시
충북,0,2020년 04월 21일 00시
강원,0,2020년 04월 21일 00시
경기,2,2020년 04월 21일 00시
세종,0,2020년 04월 21일 00시
울산,0,2020년 04월 21일 00시
대전,0,2020년 04월 21일 00시
광주,0,2020년 04월 21일 00시
인천,0,2020년 04월 21일 00시
대구,2,2020년 04월 21일 00시
부산,0,2020년 04월 21일 00시
서울,2,2020년 04월 21일 00시
합계,9,2020년 04월 21일 00시
검역,4,2020년 04월 20일 00시
제주,0,2020년 04월 20일 00시
경남,0,2020년 04월 20일 00시
경북,2,2020년 04월 20일 00시
전남,0,2020년 04월 20일 00시
전북,0,2020년 04월 20일 00시
충남,0,2020년 04월 20일 00시
충북,0,2020년 04월 20일 00시
강원,0,2020년 04월 20일 00시
경기,2,2020년 04월 20일 00시
세종,0,2020년 04월 20일 00시
울산,1,2020년 04월 20일 00시
대전,0,2020년 04월 20일 00시
광주,0,2020년 04월 20일 00시
인천,1,2020년 04월 20일 00시
대구,1,2020년 04월 20일 00시
부산,2,2020년 04월 20일 00시
서울,0,2020년 04월 20일 00시
합계,13,2020년 04월 20일 00시
검역,2,2020년 04월 19일 00시
제주,0,2020년 04월 19일 00시
경남,0,2020년 04월 19일 00시
경북,1,2020년 04월 19일 00시
전남,0,2020년 04월 19일 00시
전북,0,2020년 04월 19일 00시
충남,0,2020년 04월 19일 00시
충북,0,2020년 04월 19일 00시
강원,0,2020년 04월 19일 00시
경기,0,2020년 04월 19일 00시
세종,0,2020년 04월 19일 00시
울산,0,2020년 04월 19일 00시
대전,0,2020년 04월 19일 00시
광주,0,2020년 04월 19일 00시
인천,1,2020년 04월 19일 00시
대구,2,2020년 04월 19일 00시
부산,0,2020년 04월 19일 00시
서울,2,2020년 04월 19일 00시
합계,8,2020년 04월 19일 00시
검역,4,2020년 4월 18일 00시
제주,0,2020년 4월 18일 00시
경남,1,2020년 4월 18일 00시
경북,2,2020년 4월 18일 00시
전남,0,2020년 4월 18일 00시
전북,0,2020년 4월 18일 00시
충남,2,2020년 4월 18일 00시
충북,0,2020년 4월 18일 00시
강원,1,2020년 4월 18일 00시
경기,4,2020년 4월 18일 00시
세종,0,2020년 4월 18일 00시
울산,0,2020년 4월 18일 00시
대전,-1,2020년 4월 18일 00시
광주,0,2020년 4월 18일 00시
인천,1,2020년 4월 18일 00시
대구,3,2020년 4월 18일 00시
부산,0,2020년 4월 18일 00시
서울,1,2020년 4월 18일 00시
합계,18,2020년 4월 18일 00시
검역,11,2020년 04월 17일 00시
제주,0,2020년 04월 17일 00시
경남,0,2020년 04월 17일 00시
경북,4,2020년 04월 17일 00시
전남,0,2020년 04월 17일 00시
전북,0,2020년 04월 17일 00시
충남,0,2020년 04월 17일 00시
충북,0,2020년 04월 17일 00시
강원,0,2020년 04월 17일 00시
경기,1,2020년 04월 17일 00시
세종,0,2020년 04월 17일 00시
울산,0,2020년 04월 17일 00시
대전,1,2020년 04월 17일 00시
광주,2,2020년 04월 17일 00시
인천,1,2020년 04월 17일 00시
대구,0,2020년 04월 17일 00시
부산,0,2020년 04월 17일 00시
서울,2,2020년 04월 17일 00시
합계,22,2020년 04월 17일 00시
검역,4,2020년 04월 16일 00시
제주,0,2020년 04월 16일 00시
경남,0,2020년 04월 16일 00시
경북,4,2020년 04월 16일 00시
전남,0,2020년 04월 16일 00시
전북,0,2020년 04월 16일 00시
충남,0,2020년 04월 16일 00시
충북,0,2020년 04월 16일 00시
강원,1,2020년 04월 16일 00시
경기,4,2020년 04월 16일 00시
세종,0,2020년 04월 16일 00시
울산,0,2020년 04월 16일 00시
대전,0,2020년 04월 16일 00시
광주,0,2020년 04월 16일 00시
인천,0,2020년 04월 16일 00시
대구,4,2020년 04월 16일 00시
부산,3,2020년 04월 16일 00시
서울,2,2020년 04월 16일 00시
합계,22,2020년 04월 16일 00시
검역,4,2020년 04월 16일 00시
제주,0,2020년 04월 16일 00시
경남,0,2020년 04월 16일 00시
경북,4,2020년 04월 16일 00시
전남,0,2020년 04월 16일 00시
전북,0,2020년 04월 16일 00시
충남,0,2020년 04월 16일 00시
충북,0,2020년 04월 16일 00시
강원,1,2020년 04월 16일 00시
경기,4,2020년 04월 16일 00시
세종,0,2020년 04월 16일 00시
울산,0,2020년 04월 16일 00시
대전,0,2020년 04월 16일 00시
광주,0,2020년 04월 16일 00시
인천,0,2020년 04월 16일 00시
대구,4,2020년 04월 16일 00시
부산,3,2020년 04월 16일 00시
서울,2,2020년 04월 16일 00시
합계,22,2020년 04월 16일 00시
검역,4,2020년 04월 15일 00시
제주,1,2020년 04월 15일 00시
경남,0,2020년 04월 15일 00시
경북,6,2020년 04월 15일 00시
전남,0,2020년 04월 15일 00시
전북,0,2020년 04월 15일 00시
충남,0,2020년 04월 15일 00시
충북,0,2020년 04월 15일 00시
강원,2,2020년 04월 15일 00시
경기,6,2020년 04월 15일 00시
세종,0,2020년 04월 15일 00시
울산,0,2020년 04월 15일 00시
대전,0,2020년 04월 15일 00시
광주,1,2020년 04월 15일 00시
인천,0,2020년 04월 15일 00시
대구,1,2020년 04월 15일 00시
부산,1,2020년 04월 15일 00시
서울,5,2020년 04월 15일 00시
합계,27,2020년 04월 15일 00시
검역,7,2020년 04월 14일 00시
제주,0,2020년 04월 14일 00시
경남,0,2020년 04월 14일 00시
경북,5,2020년 04월 14일 00시
전남,0,2020년 04월 14일 00시
전북,0,2020년 04월 14일 00시
충남,0,2020년 04월 14일 00시
충북,0,2020년 04월 14일 00시
강원,0,2020년 04월 14일 00시
경기,8,2020년 04월 14일 00시
세종,0,2020년 04월 14일 00시
울산,1,2020년 04월 14일 00시
대전,0,2020년 04월 14일 00시
광주,0,2020년 04월 14일 00시
인천,1,2020년 04월 14일 00시
대구,3,2020년 04월 14일 00시
부산,0,2020년 04월 14일 00시
서울,2,2020년 04월 14일 00시
합계,27,2020년 04월 14일 00시
검역,6,2020년 04월 13일 00시
제주,0,2020년 04월 13일 00시
경남,0,2020년 04월 13일 00시
경북,4,2020년 04월 13일 00시
전남,0,2020년 04월 13일 00시
전북,0,2020년 04월 13일 00시
충남,0,2020년 04월 13일 00시
충북,0,2020년 04월 13일 00시
강원,0,2020년 04월 13일 00시
경기,3,2020년 04월 13일 00시
세종,0,2020년 04월 13일 00시
울산,0,2020년 04월 13일 00시
대전,0,2020년 04월 13일 00시
광주,0,2020년 04월 13일 00시
인천,1,2020년 04월 13일 00시
대구,3,2020년 04월 13일 00시
부산,0,2020년 04월 13일 00시
서울,8,2020년 04월 13일 00시
합계,25,2020년 04월 13일 00시
검역,18,2020년 4월 12일 00시
제주,0,2020년 4월 12일 00시
경남,0,2020년 4월 12일 00시
경북,3,2020년 4월 12일 00시
전남,0,2020년 4월 12일 00시
전북,0,2020년 4월 12일 00시
충남,1,2020년 4월 12일 00시
충북,0,2020년 4월 12일 00시
강원,0,2020년 4월 12일 00시
경기,4,2020년 4월 12일 00시
세종,0,2020년 4월 12일 00시
울산,0,2020년 4월 12일 00시
대전,0,2020년 4월 12일 00시
광주,0,2020년 4월 12일 00시
인천,1,2020년 4월 12일 00시
대구,2,2020년 4월 12일 00시
부산,0,2020년 4월 12일 00시
서울,3,2020년 4월 12일 00시
합계,32,2020년 4월 12일 00시
검역,18,2020년 4월 12일 00시
제주,0,2020년 4월 12일 00시
경남,0,2020년 4월 12일 00시
경북,3,2020년 4월 12일 00시
전남,0,2020년 4월 12일 00시
전북,0,2020년 4월 12일 00시
충남,1,2020년 4월 12일 00시
충북,0,2020년 4월 12일 00시
강원,0,2020년 4월 12일 00시
경기,4,2020년 4월 12일 00시
세종,0,2020년 4월 12일 00시
울산,0,2020년 4월 12일 00시
대전,0,2020년 4월 12일 00시
광주,0,2020년 4월 12일 00시
인천,1,2020년 4월 12일 00시
대구,2,2020년 4월 12일 00시
부산,0,2020년 4월 12일 00시
서울,3,2020년 4월 12일 00시
합계,32,2020년 4월 12일 00시
검역,18,2020년 4월 12일 00시
제주,0,2020년 4월 12일 00시
경남,0,2020년 4월 12일 00시
경북,3,2020년 4월 12일 00시
전남,0,2020년 4월 12일 00시
전북,0,2020년 4월 12일 00시
충남,1,2020년 4월 12일 00시
충북,0,2020년 4월 12일 00시
강원,0,2020년 4월 12일 00시
경기,4,2020년 4월 12일 00시
세종,0,2020년 4월 12일 00시
울산,0,2020년 4월 12일 00시
대전,0,2020년 4월 12일 00시
광주,0,2020년 4월 12일 00시
인천,1,2020년 4월 12일 00시
대구,2,2020년 4월 12일 00시
부산,0,2020년 4월 12일 00시
서울,3,2020년 4월 12일 00시
합계,32,2020년 4월 12일 00시
검역,18,2020년 4월 12일 00시
제주,0,2020년 4월 12일 00시
경남,0,2020년 4월 12일 00시
경북,3,2020년 4월 12일 00시
전남,0,2020년 4월 12일 00시
전북,0,2020년 4월 12일 00시
충남,1,2020년 4월 12일 00시
충북,0,2020년 4월 12일 00시
강원,0,2020년 4월 12일 00시
경기,4,2020년 4월 12일 00시
세종,0,2020년 4월 12일 00시
울산,0,2020년 4월 12일 00시
대전,0,2020년 4월 12일 00시
광주,0,2020년 4월 12일 00시
인천,1,2020년 4월 12일 00시
대구,2,2020년 4월 12일 00시
부산,0,2020년 4월 12일 00시
서울,3,2020년 4월 12일 00시
합계,32,2020년 4월 12일 00시
검역,6,2020년 04월 11일 00시
제주,0,2020년 04월 11일 00시
경남,0,2020년 04월 11일 00시
경북,3,2020년 04월 11일 00시
전남,0,2020년 04월 11일 00시
전북,0,2020년 04월 11일 00시
충남,0,2020년 04월 11일 00시
충북,0,2020년 04월 11일 00시
강원,0,2020년 04월 11일 00시
경기,9,2020년 04월 11일 00시
세종,0,2020년 04월 11일 00시
울산,1,2020년 04월 11일 00시
대전,0,2020년 04월 11일 00시
광주,0,2020년 04월 11일 00시
인천,0,2020년 04월 11일 00시
대구,7,2020년 04월 11일 00시
부산,0,2020년 04월 11일 00시
서울,4,2020년 04월 11일 00시
합계,30,2020년 04월 11일 00시
검역,4,2020년 04월 10일 00시
제주,0,2020년 04월 10일 00시
경남,0,2020년 04월 10일 00시
경북,7,2020년 04월 10일 00시
전남,0,2020년 04월 10일 00시
전북,0,2020년 04월 10일 00시
충남,0,2020년 04월 10일 00시
충북,0,2020년 04월 10일 00시
강원,0,2020년 04월 10일 00시
경기,9,2020년 04월 10일 00시
세종,0,2020년 04월 10일 00시
울산,0,2020년 04월 10일 00시
대전,0,2020년 04월 10일 00시
광주,0,2020년 04월 10일 00시
인천,1,2020년 04월 10일 00시
대구,0,2020년 04월 10일 00시
부산,1,2020년 04월 10일 00시
서울,5,2020년 04월 10일 00시
합계,27,2020년 04월 10일 00시
검역,4,2020년 04월 10일 00시
제주,0,2020년 04월 10일 00시
경남,0,2020년 04월 10일 00시
경북,7,2020년 04월 10일 00시
전남,0,2020년 04월 10일 00시
전북,0,2020년 04월 10일 00시
충남,0,2020년 04월 10일 00시
충북,0,2020년 04월 10일 00시
강원,0,2020년 04월 10일 00시
경기,9,2020년 04월 10일 00시
세종,0,2020년 04월 10일 00시
울산,0,2020년 04월 10일 00시
대전,0,2020년 04월 10일 00시
광주,0,2020년 04월 10일 00시
인천,1,2020년 04월 10일 00시
대구,0,2020년 04월 10일 00시
부산,1,2020년 04월 10일 00시
서울,5,2020년 04월 10일 00시
합계,27,2020년 04월 10일 00시
검역,10,2020년 4월 09일 00시
제주,0,2020년 4월 09일 00시
경남,2,2020년 4월 09일 00시
경북,0,2020년 4월 09일 00시
전남,0,2020년 4월 09일 00시
전북,0,2020년 4월 09일 00시
충남,1,2020년 4월 09일 00시
충북,0,2020년 4월 09일 00시
강원,0,2020년 4월 09일 00시
경기,10,2020년 4월 09일 00시
세종,0,2020년 4월 09일 00시
울산,0,2020년 4월 09일 00시
대전,0,2020년 4월 09일 00시
광주,0,2020년 4월 09일 00시
인천,0,2020년 4월 09일 00시
대구,4,2020년 4월 09일 00시
부산,0,2020년 4월 09일 00시
서울,12,2020년 4월 09일 00시
합계,39,2020년 4월 09일 00시
검역,10,2020년 4월 09일 00시
제주,0,2020년 4월 09일 00시
경남,2,2020년 4월 09일 00시
경북,0,2020년 4월 09일 00시
전남,0,2020년 4월 09일 00시
전북,0,2020년 4월 09일 00시
충남,1,2020년 4월 09일 00시
충북,0,2020년 4월 09일 00시
강원,0,2020년 4월 09일 00시
경기,10,2020년 4월 09일 00시
세종,0,2020년 4월 09일 00시
울산,0,2020년 4월 09일 00시
대전,0,2020년 4월 09일 00시
광주,0,2020년 4월 09일 00시
인천,0,2020년 4월 09일 00시
대구,4,2020년 4월 09일 00시
부산,0,2020년 4월 09일 00시
서울,12,2020년 4월 09일 00시
합계,39,2020년 4월 09일 00시
검역,10,2020년 4월 08일 00시
제주,0,2020년 4월 08일 00시
경남,2,2020년 4월 08일 00시
경북,0,2020년 4월 08일 00시
전남,0,2020년 4월 08일 00시
전북,0,2020년 4월 08일 00시
충남,1,2020년 4월 08일 00시
충북,0,2020년 4월 08일 00시
강원,0,2020년 4월 08일 00시
경기,10,2020년 4월 08일 00시
세종,0,2020년 4월 08일 00시
울산,0,2020년 4월 08일 00시
대전,0,2020년 4월 08일 00시
광주,0,2020년 4월 08일 00시
인천,0,2020년 4월 08일 00시
대구,4,2020년 4월 08일 00시
부산,0,2020년 4월 08일 00시
서울,12,2020년 4월 08일 00시
합계,39,2020년 4월 08일 00시
검역,10,2020년 04월 09일 00시
제주,0,2020년 04월 09일 00시
경남,2,2020년 04월 09일 00시
경북,0,2020년 04월 09일 00시
전남,0,2020년 04월 09일 00시
전북,0,2020년 04월 09일 00시
충남,1,2020년 04월 09일 00시
충북,0,2020년 04월 09일 00시
강원,0,2020년 04월 09일 00시
경기,10,2020년 04월 09일 00시
세종,0,2020년 04월 09일 00시
울산,0,2020년 04월 09일 00시
대전,0,2020년 04월 09일 00시
광주,0,2020년 04월 09일 00시
인천,0,2020년 04월 09일 00시
대구,4,2020년 04월 09일 00시
부산,0,2020년 04월 09일 00시
서울,12,2020년 04월 09일 00시
합계,39,2020년 04월 09일 00시
검역,14,2020년 04월 08일 00시
제주,0,2020년 04월 08일 00시
경남,1,2020년 04월 08일 00시
경북,3,2020년 04월 08일 00시
전남,0,2020년 04월 08일 00시
전북,1,2020년 04월 08일 00시
충남,0,2020년 04월 08일 00시
충북,0,2020년 04월 08일 00시
강원,2,2020년 04월 08일 00시
경기,6,2020년 04월 08일 00시
세종,0,2020년 04월 08일 00시
울산,0,2020년 04월 08일 00시
대전,0,2020년 04월 08일 00시
광주,0,2020년 04월 08일 00시
인천,4,2020년 04월 08일 00시
대구,9,2020년 04월 08일 00시
부산,2,2020년 04월 08일 00시
서울,11,2020년 04월 08일 00시
합계,53,2020년 04월 08일 00시
검역,14,2020년 04월 07일 00시
제주,0,2020년 04월 07일 00시
경남,1,2020년 04월 07일 00시
경북,1,2020년 04월 07일 00시
전남,0,2020년 04월 07일 00시
전북,0,2020년 04월 07일 00시
충남,1,2020년 04월 07일 00시
충북,0,2020년 04월 07일 00시
강원,2,2020년 04월 07일 00시
경기,10,2020년 04월 07일 00시
세종,0,2020년 04월 07일 00시
울산,0,2020년 04월 07일 00시
대전,0,2020년 04월 07일 00시
광주,0,2020년 04월 07일 00시
인천,0,2020년 04월 07일 00시
대구,13,2020년 04월 07일 00시
부산,1,2020년 04월 07일 00시
서울,4,2020년 04월 07일 00시
합계,47,2020년 04월 07일 00시
검역,7,2020년 04월 06일 00시
제주,0,2020년 04월 06일 00시
경남,2,2020년 04월 06일 00시
경북,2,2020년 04월 06일 00시
전남,0,2020년 04월 06일 00시
전북,0,2020년 04월 06일 00시
충남,1,2020년 04월 06일 00시
충북,0,2020년 04월 06일 00시
강원,0,2020년 04월 06일 00시
경기,8,2020년 04월 06일 00시
세종,0,2020년 04월 06일 00시
울산,0,2020년 04월 06일 00시
대전,2,2020년 04월 06일 00시
광주,0,2020년 04월 06일 00시
인천,1,2020년 04월 06일 00시
대구,13,2020년 04월 06일 00시
부산,0,2020년 04월 06일 00시
서울,11,2020년 04월 06일 00시
합계,47,2020년 04월 06일 00시
검역,24,2020년 04월 05일 00시
제주,3,2020년 04월 05일 00시
경남,1,2020년 04월 05일 00시
경북,4,2020년 04월 05일 00시
전남,0,2020년 04월 05일 00시
전북,1,2020년 04월 05일 00시
충남,0,2020년 04월 05일 00시
충북,0,2020년 04월 05일 00시
강원,3,2020년 04월 05일 00시
경기,10,2020년 04월 05일 00시
세종,0,2020년 04월 05일 00시
울산,0,2020년 04월 05일 00시
대전,1,2020년 04월 05일 00시
광주,1,2020년 04월 05일 00시
인천,2,2020년 04월 05일 00시
대구,7,2020년 04월 05일 00시
부산,0,2020년 04월 05일 00시
서울,24,2020년 04월 05일 00시
합계,81,2020년 04월 05일 00시
검역,15,2020년 04월 04일 00시
제주,0,2020년 04월 04일 00시
경남,1,2020년 04월 04일 00시
경북,1,2020년 04월 04일 00시
전남,0,2020년 04월 04일 00시
전북,0,2020년 04월 04일 00시
충남,1,2020년 04월 04일 00시
충북,0,2020년 04월 04일 00시
강원,1,2020년 04월 04일 00시
경기,23,2020년 04월 04일 00시
세종,0,2020년 04월 04일 00시
울산,0,2020년 04월 04일 00시
대전,0,2020년 04월 04일 00시
광주,0,2020년 04월 04일 00시
인천,3,2020년 04월 04일 00시
대구,27,2020년 04월 04일 00시
부산,0,2020년 04월 04일 00시
서울,22,2020년 04월 04일 00시
합계,94,2020년 04월 04일 00시
검역,22,2020년 04월 03일 00시
제주,0,2020년 04월 03일 00시
경남,1,2020년 04월 03일 00시
경북,5,2020년 04월 03일 00시
전남,1,2020년 04월 03일 00시
전북,1,2020년 04월 03일 00시
충남,1,2020년 04월 03일 00시
충북,1,2020년 04월 03일 00시
강원,2,2020년 04월 03일 00시
경기,23,2020년 04월 03일 00시
세종,0,2020년 04월 03일 00시
울산,0,2020년 04월 03일 00시
대전,0,2020년 04월 03일 00시
광주,1,2020년 04월 03일 00시
인천,1,2020년 04월 03일 00시
대구,9,2020년 04월 03일 00시
부산,0,2020년 04월 03일 00시
서울,18,2020년 04월 03일 00시
합계,86,2020년 04월 03일 00시
검역,18,2020년 04월 02일 00시
제주,0,2020년 04월 02일 00시
경남,6,2020년 04월 02일 00시
경북,2,2020년 04월 02일 00시
전남,2,2020년 04월 02일 00시
전북,0,2020년 04월 02일 00시
충남,2,2020년 04월 02일 00시
충북,0,2020년 04월 02일 00시
강원,1,2020년 04월 02일 00시
경기,17,2020년 04월 02일 00시
세종,0,2020년 04월 02일 00시
울산,1,2020년 04월 02일 00시
대전,0,2020년 04월 02일 00시
광주,1,2020년 04월 02일 00시
인천,4,2020년 04월 02일 00시
대구,21,2020년 04월 02일 00시
부산,0,2020년 04월 02일 00시
서울,14,2020년 04월 02일 00시
합계,89,2020년 04월 02일 00시
검역,7,2020년 04월 01일 00시
제주,0,2020년 04월 01일 00시
경남,4,2020년 04월 01일 00시
경북,2,2020년 04월 01일 00시
전남,3,2020년 04월 01일 00시
전북,1,2020년 04월 01일 00시
충남,3,2020년 04월 01일 00시
충북,0,2020년 04월 01일 00시
강원,2,2020년 04월 01일 00시
경기,23,2020년 04월 01일 00시
세종,0,2020년 04월 01일 00시
울산,0,2020년 04월 01일 00시
대전,0,2020년 04월 01일 00시
광주,4,2020년 04월 01일 00시
인천,5,2020년 04월 01일 00시
대구,20,2020년 04월 01일 00시
부산,3,2020년 04월 01일 00시
서울,24,2020년 04월 01일 00시
합계,101,2020년 04월 01일 00시
검역,15,2020년 03월 31일 00시
제주,0,2020년 03월 31일 00시
경남,1,2020년 03월 31일 00시
경북,2,2020년 03월 31일 00시
전남,0,2020년 03월 31일 00시
전북,0,2020년 03월 31일 00시
충남,1,2020년 03월 31일 00시
충북,0,2020년 03월 31일 00시
강원,0,2020년 03월 31일 00시
경기,13,2020년 03월 31일 00시
세종,0,2020년 03월 31일 00시
울산,0,2020년 03월 31일 00시
대전,2,2020년 03월 31일 00시
광주,0,2020년 03월 31일 00시
인천,6,2020년 03월 31일 00시
대구,60,2020년 03월 31일 00시
부산,1,2020년 03월 31일 00시
서울,24,2020년 03월 31일 00시
합계,125,2020년 03월 31일 00시
검역,13,2020년 03월 30일 00시
제주,1,2020년 03월 30일 00시
경남,1,2020년 03월 30일 00시
경북,11,2020년 03월 30일 00시
전남,0,2020년 03월 30일 00시
전북,1,2020년 03월 30일 00시
충남,0,2020년 03월 30일 00시
충북,3,2020년 03월 30일 00시
강원,2,2020년 03월 30일 00시
경기,15,2020년 03월 30일 00시
세종,0,2020년 03월 30일 00시
울산,0,2020년 03월 30일 00시
대전,0,2020년 03월 30일 00시
광주,0,2020년 03월 30일 00시
인천,0,2020년 03월 30일 00시
대구,14,2020년 03월 30일 00시
부산,1,2020년 03월 30일 00시
서울,16,2020년 03월 30일 00시
합계,78,2020년 03월 30일 00시
검역,21,2020년 03월 29일 00시
제주,0,2020년 03월 29일 00시
경남,3,2020년 03월 29일 00시
경북,2,2020년 03월 29일 00시
전남,1,2020년 03월 29일 00시
전북,2,2020년 03월 29일 00시
충남,1,2020년 03월 29일 00시
충북,0,2020년 03월 29일 00시
강원,2,2020년 03월 29일 00시
경기,15,2020년 03월 29일 00시
세종,2,2020년 03월 29일 00시
울산,0,2020년 03월 29일 00시
대전,3,2020년 03월 29일 00시
광주,0,2020년 03월 29일 00시
인천,7,2020년 03월 29일 00시
대구,23,2020년 03월 29일 00시
부산,3,2020년 03월 29일 00시
서울,20,2020년 03월 29일 00시
합계,105,2020년 03월 29일 00시
검역,24,2020년 03월 28일 00시
제주,1,2020년 03월 28일 00시
경남,0,2020년 03월 28일 00시
경북,2,2020년 03월 28일 00시
전남,0,2020년 03월 28일 00시
전북,0,2020년 03월 28일 00시
충남,2,2020년 03월 28일 00시
충북,0,2020년 03월 28일 00시
강원,1,2020년 03월 28일 00시
경기,21,2020년 03월 28일 00시
세종,0,2020년 03월 28일 00시
울산,0,2020년 03월 28일 00시
대전,0,2020년 03월 28일 00시
광주,0,2020년 03월 28일 00시
인천,5,2020년 03월 28일 00시
대구,71,2020년 03월 28일 00시
부산,1,2020년 03월 28일 00시
서울,18,2020년 03월 28일 00시
합계,146,2020년 03월 28일 00시
검역,13,2020년 3월 27일 00시
제주,1,2020년 3월 27일 00시
경남,1,2020년 3월 27일 00시
경북,9,2020년 3월 27일 00시
전남,0,2020년 3월 27일 00시
전북,0,2020년 3월 27일 00시
충남,0,2020년 3월 27일 00시
충북,2,2020년 3월 27일 00시
강원,0,2020년 3월 27일 00시
경기,11,2020년 3월 27일 00시
세종,0,2020년 3월 27일 00시
울산,2,2020년 3월 27일 00시
대전,1,2020년 3월 27일 00시
광주,1,2020년 3월 27일 00시
인천,3,2020년 3월 27일 00시
대구,34,2020년 3월 27일 00시
부산,1,2020년 3월 27일 00시
서울,12,2020년 3월 27일 00시
합계,91,2020년 3월 27일 00시
검역,30,2020년 3월 26일 00시
제주,0,2020년 3월 26일 00시
경남,0,2020년 3월 26일 00시
경북,12,2020년 3월 26일 00시
전남,0,2020년 3월 26일 00시
전북,0,2020년 3월 26일 00시
충남,1,2020년 3월 26일 00시
충북,1,2020년 3월 26일 00시
강원,0,2020년 3월 26일 00시
경기,14,2020년 3월 26일 00시
세종,0,2020년 3월 26일 00시
울산,0,2020년 3월 26일 00시
대전,6,2020년 3월 26일 00시
광주,0,2020년 3월 26일 00시
인천,1,2020년 3월 26일 00시
대구,26,2020년 3월 26일 00시
부산,0,2020년 3월 26일 00시
서울,13,2020년 3월 26일 00시
합계,104,2020년 3월 26일 00시
검역,34,2020년 3월 25일 00시
제주,2,2020년 3월 25일 00시
경남,0,2020년 3월 25일 00시
경북,5,2020년 3월 25일 00시
전남,2,2020년 3월 25일 00시
전북,0,2020년 3월 25일 00시
충남,3,2020년 3월 25일 00시
충북,0,2020년 3월 25일 00시
강원,1,2020년 3월 25일 00시
경기,21,2020년 3월 25일 00시
세종,2,2020년 3월 25일 00시
울산,1,2020년 3월 25일 00시
대전,0,2020년 3월 25일 00시
광주,0,2020년 3월 25일 00시
인천,1,2020년 3월 25일 00시
대구,14,2020년 3월 25일 00시
부산,1,2020년 3월 25일 00시
서울,13,2020년 3월 25일 00시
합계,100,2020년 3월 25일 00시
검역,20,2020년 3월 24일 00시
제주,0,2020년 3월 24일 00시
경남,1,2020년 3월 24일 00시
경북,1,2020년 3월 24일 00시
전남,0,2020년 3월 24일 00시
전북,0,2020년 3월 24일 00시
충남,0,2020년 3월 24일 00시
충북,1,2020년 3월 24일 00시
강원,0,2020년 3월 24일 00시
경기,15,2020년 3월 24일 00시
세종,0,2020년 3월 24일 00시
울산,0,2020년 3월 24일 00시
대전,0,2020년 3월 24일 00시
광주,0,2020년 3월 24일 00시
인천,1,2020년 3월 24일 00시
대구,31,2020년 3월 24일 00시
부산,2,2020년 3월 24일 00시
서울,4,2020년 3월 24일 00시
합계,76,2020년 3월 24일 00시
검역,13,2020년 3월 23일 00시
제주,0,2020년 3월 23일 00시
경남,1,2020년 3월 23일 00시
경북,2,2020년 3월 23일 00시
전남,0,2020년 3월 23일 00시
전북,0,2020년 3월 23일 00시
충남,0,2020년 3월 23일 00시
충북,2,2020년 3월 23일 00시
강원,0,2020년 3월 23일 00시
경기,14,2020년 3월 23일 00시
세종,1,2020년 3월 23일 00시
울산,0,2020년 3월 23일 00시
대전,0,2020년 3월 23일 00시
광주,0,2020년 3월 23일 00시
인천,0,2020년 3월 23일 00시
대구,24,2020년 3월 23일 00시
부산,1,2020년 3월 23일 00시
서울,6,2020년 3월 23일 00시
합계,64,2020년 3월 23일 00시
검역,11,2020년 3월 22일 00시
제주,0,2020년 3월 22일 00시
경남,1,2020년 3월 22일 00시
경북,11,2020년 3월 22일 00시
전남,1,2020년 3월 22일 00시
전북,0,2020년 3월 22일 00시
충남,1,2020년 3월 22일 00시
충북,1,2020년 3월 22일 00시
강원,0,2020년 3월 22일 00시
경기,16,2020년 3월 22일 00시
세종,0,2020년 3월 22일 00시
울산,0,2020년 3월 22일 00시
대전,2,2020년 3월 22일 00시
광주,1,2020년 3월 22일 00시
인천,0,2020년 3월 22일 00시
대구,43,2020년 3월 22일 00시
부산,0,2020년 3월 22일 00시
서울,10,2020년 3월 22일 00시
합계,98,2020년 3월 22일 00시
검역,6,2020년 3월 21일 00시
제주,0,2020년 3월 21일 00시
경남,0,2020년 3월 21일 00시
경북,40,2020년 3월 21일 00시
전남,0,2020년 3월 21일 00시
전북,0,2020년 3월 21일 00시
충남,0,2020년 3월 21일 00시
충북,1,2020년 3월 21일 00시
강원,0,2020년 3월 21일 00시
경기,12,2020년 3월 21일 00시
세종,0,2020년 3월 21일 00시
울산,0,2020년 3월 21일 00시
대전,0,2020년 3월 21일 00시
광주,0,2020년 3월 21일 00시
인천,4,2020년 3월 21일 00시
대구,69,2020년 3월 21일 00시
부산,0,2020년 3월 21일 00시
서울,15,2020년 3월 21일 00시
합계,147,2020년 3월 21일 00시
검역,1,2020년 3월 20일 00시
제주,0,2020년 3월 20일 00시
경남,1,2020년 3월 20일 00시
경북,13,2020년 3월 20일 00시
전남,0,2020년 3월 20일 00시
전북,0,2020년 3월 20일 00시
충남,1,2020년 3월 20일 00시
충북,0,2020년 3월 20일 00시
강원,0,2020년 3월 20일 00시
경기,14,2020년 3월 20일 00시
세종,0,2020년 3월 20일 00시
울산,0,2020년 3월 20일 00시
대전,0,2020년 3월 20일 00시
광주,1,2020년 3월 20일 00시
인천,4,2020년 3월 20일 00시
대구,34,2020년 3월 20일 00시
부산,1,2020년 3월 20일 00시
서울,17,2020년 3월 20일 00시
합계,87,2020년 3월 20일 00시
검역,5,2020년 3월 19일 00시
제주,0,2020년 3월 19일 00시
경남,0,2020년 3월 19일 00시
경북,12,2020년 3월 19일 00시
전남,0,2020년 3월 19일 00시
전북,1,2020년 3월 19일 00시
충남,0,2020년 3월 19일 00시
충북,1,2020년 3월 19일 00시
강원,0,2020년 3월 19일 00시
경기,18,2020년 3월 19일 00시
세종,0,2020년 3월 19일 00시
울산,6,2020년 3월 19일 00시
대전,0,2020년 3월 19일 00시
광주,0,2020년 3월 19일 00시
인천,0,2020년 3월 19일 00시
대구,97,2020년 3월 19일 00시
부산,0,2020년 3월 19일 00시
서울,12,2020년 3월 19일 00시
합계,152,2020년 3월 19일 00시
검역,5,2020년 3월 18일 00시
제주,0,2020년 3월 18일 00시
경남,0,2020년 3월 18일 00시
경북,9,2020년 3월 18일 00시
전남,1,2020년 3월 18일 00시
전북,2,2020년 3월 18일 00시
충남,3,2020년 3월 18일 00시
충북,1,2020년 3월 18일 00시
강원,1,2020년 3월 18일 00시
경기,15,2020년 3월 18일 00시
세종,1,2020년 3월 18일 00시
울산,2,2020년 3월 18일 00시
대전,0,2020년 3월 18일 00시
광주,1,2020년 3월 18일 00시
인천,1,2020년 3월 18일 00시
대구,46,2020년 3월 18일 00시
부산,0,2020년 3월 18일 00시
서울,5,2020년 3월 18일 00시
합계,93,2020년 3월 18일 00시
검역,2,2020년 3월 17일 00시
제주,0,2020년 3월 17일 00시
경남,1,2020년 3월 17일 00시
경북,5,2020년 3월 17일 00시
전남,0,2020년 3월 17일 00시
전북,0,2020년 3월 17일 00시
충남,0,2020년 3월 17일 00시
충북,0,2020년 3월 17일 00시
강원,0,2020년 3월 17일 00시
경기,31,2020년 3월 17일 00시
세종,0,2020년 3월 17일 00시
울산,0,2020년 3월 17일 00시
대전,0,2020년 3월 17일 00시
광주,0,2020년 3월 17일 00시
인천,1,2020년 3월 17일 00시
대구,32,2020년 3월 17일 00시
부산,0,2020년 3월 17일 00시
서울,12,2020년 3월 17일 00시
합계,84,2020년 3월 17일 00시
검역,4,2020년 3월 16일 00시
제주,0,2020년 3월 16일 00시
경남,0,2020년 3월 16일 00시
경북,7,2020년 3월 16일 00시
전남,0,2020년 3월 16일 00시
전북,0,2020년 3월 16일 00시
충남,0,2020년 3월 16일 00시
충북,0,2020년 3월 16일 00시
강원,0,2020년 3월 16일 00시
경기,20,2020년 3월 16일 00시
세종,1,2020년 3월 16일 00시
울산,0,2020년 3월 16일 00시
대전,0,2020년 3월 16일 00시
광주,0,2020년 3월 16일 00시
인천,0,2020년 3월 16일 00시
대구,35,2020년 3월 16일 00시
부산,1,2020년 3월 16일 00시
서울,6,2020년 3월 16일 00시
합계,74,2020년 3월 16일 00시
제주,0,2020년 3월 15일 00시
경남,0,2020년 3월 15일 00시
경북,4,2020년 3월 15일 00시
전남,0,2020년 3월 15일 00시
전북,0,2020년 3월 15일 00시
충남,0,2020년 3월 15일 00시
충북,3,2020년 3월 15일 00시
강원,0,2020년 3월 15일 00시
경기,11,2020년 3월 15일 00시
세종,1,2020년 3월 15일 00시
울산,1,2020년 3월 15일 00시
대전,0,2020년 3월 15일 00시
광주,1,2020년 3월 15일 00시
인천,2,2020년 3월 15일 00시
대구,41,2020년 3월 15일 00시
부산,3,2020년 3월 15일 00시
서울,9,2020년 3월 15일 00시
합계,76,2020년 3월 15일 00시
제주,0,2020년 3월 14일 00시
경남,0,2020년 3월 14일 00시
경북,6,2020년 3월 14일 00시
전남,0,2020년 3월 14일 00시
전북,0,2020년 3월 14일 00시
충남,0,2020년 3월 14일 00시
충북,1,2020년 3월 14일 00시
강원,0,2020년 3월 14일 00시
경기,15,2020년 3월 14일 00시
세종,6,2020년 3월 14일 00시
울산,0,2020년 3월 14일 00시
대전,0,2020년 3월 14일 00시
광주,0,2020년 3월 14일 00시
인천,1,2020년 3월 14일 00시
대구,62,2020년 3월 14일 00시
부산,3,2020년 3월 14일 00시
서울,13,2020년 3월 14일 00시
합계,107,2020년 3월 14일 00시
제주,0,2020년 3월 13일 00시
경남,0,2020년 3월 13일 00시
경북,4,2020년 3월 13일 00시
전남,0,2020년 3월 13일 00시
전북,0,2020년 3월 13일 00시
충남,1,2020년 3월 13일 00시
충북,0,2020년 3월 13일 00시
강원,0,2020년 3월 13일 00시
경기,7,2020년 3월 13일 00시
세종,17,2020년 3월 13일 00시
울산,2,2020년 3월 13일 00시
대전,2,2020년 3월 13일 00시
광주,0,2020년 3월 13일 00시
인천,2,2020년 3월 13일 00시
대구,61,2020년 3월 13일 00시
부산,1,2020년 3월 13일 00시
서울,13,2020년 3월 13일 00시
합계,110,2020년 3월 13일 00시
제주,0,2020년 3월 12일 00시
경남,1,2020년 3월 12일 00시
경북,8,2020년 3월 12일 00시
전남,0,2020년 3월 12일 00시
전북,0,2020년 3월 12일 00시
충남,2,2020년 3월 12일 00시
충북,0,2020년 3월 12일 00시
강원,0,2020년 3월 12일 00시
경기,3,2020년 3월 12일 00시
세종,5,2020년 3월 12일 00시
울산,0,2020년 3월 12일 00시
대전,2,2020년 3월 12일 00시
광주,0,2020년 3월 12일 00시
인천,0,2020년 3월 12일 00시
대구,73,2020년 3월 12일 00시
부산,1,2020년 3월 12일 00시
서울,19,2020년 3월 12일 00시
합계,114,2020년 3월 12일 00시
제주,0,2020년 3월 11일 00시
경남,1,2020년 3월 11일 00시
경북,18,2020년 3월 11일 00시
전남,0,2020년 3월 11일 00시
전북,0,2020년 3월 11일 00시
충남,8,2020년 3월 11일 00시
충북,2,2020년 3월 11일 00시
강원,1,2020년 3월 11일 00시
경기,12,2020년 3월 11일 00시
세종,2,2020년 3월 11일 00시
울산,1,2020년 3월 11일 00시
대전,0,2020년 3월 11일 00시
광주,0,2020년 3월 11일 00시
인천,12,2020년 3월 11일 00시
대구,131,2020년 3월 11일 00시
부산,2,2020년 3월 11일 00시
서울,52,2020년 3월 11일 00시
합계,242,2020년 3월 11일 00시
제주,0,2020년 3월 10일 00시
경남,0,2020년 3월 10일 00시
경북,10,2020년 3월 10일 00시
전남,0,2020년 3월 10일 00시
전북,0,2020년 3월 10일 00시
충남,2,2020년 3월 10일 00시
충북,0,2020년 3월 10일 00시
강원,0,2020년 3월 10일 00시
경기,11,2020년 3월 10일 00시
세종,2,2020년 3월 10일 00시
울산,0,2020년 3월 10일 00시
대전,-1,2020년 3월 10일 00시
광주,0,2020년 3월 10일 00시
인천,4,2020년 3월 10일 00시
대구,92,2020년 3월 10일 00시
부산,0,2020년 3월 10일 00시
서울,11,2020년 3월 10일 00시
합계,131,2020년 3월 10일 00시
제주,0,2020년 3월 9일 00시
경남,0,2020년 3월 9일 00시
경북,26,2020년 3월 9일 00시
전남,0,2020년 3월 9일 00시
전북,0,2020년 3월 9일 00시
충남,4,2020년 3월 9일 00시
충북,1,2020년 3월 9일 00시
강원,1,2020년 3월 9일 00시
경기,11,2020년 3월 9일 00시
세종,3,2020년 3월 9일 00시
울산,0,2020년 3월 9일 00시
대전,1,2020년 3월 9일 00시
광주,2,2020년 3월 9일 00시
인천,0,2020년 3월 9일 00시
대구,190,2020년 3월 9일 00시
부산,-1,2020년 3월 9일 00시
서울,10,2020년 3월 9일 00시
합계,248,2020년 3월 9일 00시
제주,0,2020년 3월 8일 00시
경남,1,2020년 3월 8일 00시
경북,32,2020년 3월 8일 00시
전남,0,2020년 3월 8일 00시
전북,0,2020년 3월 8일 00시
충남,6,2020년 3월 8일 00시
충북,4,2020년 3월 8일 00시
강원,1,2020년 3월 8일 00시
경기,11,2020년 3월 8일 00시
세종,1,2020년 3월 8일 00시
울산,1,2020년 3월 8일 00시
대전,0,2020년 3월 8일 00시
광주,0,2020년 3월 8일 00시
인천,0,2020년 3월 8일 00시
대구,297,2020년 3월 8일 00시
부산,1,2020년 3월 8일 00시
서울,12,2020년 3월 8일 00시
합계,367,2020년 3월 8일 00시
제주,0,2020년 3월 7일 00시
경남,5,2020년 3월 7일 00시
경북,65,2020년 3월 7일 00시
전남,0,2020년 3월 7일 00시
전북,0,2020년 3월 7일 00시
충남,2,2020년 3월 7일 00시
충북,5,2020년 3월 7일 00시
강원,1,2020년 3월 7일 00시
경기,10,2020년 3월 7일 00시
세종,1,2020년 3월 7일 00시
울산,0,2020년 3월 7일 00시
대전,0,2020년 3월 7일 00시
광주,0,2020년 3월 7일 00시
인천,0,2020년 3월 7일 00시
대구,390,2020년 3월 7일 00시
부산,1,2020년 3월 7일 00시
서울,3,2020년 3월 7일 00시
합계,483,2020년 3월 7일 00시
제주,0,2020년 3월 6일 00시
경남,3,2020년 3월 6일 00시
경북,123,2020년 3월 6일 00시
전남,0,2020년 3월 6일 00시
전북,0,2020년 3월 6일 00시
충남,4,2020년 3월 6일 00시
충북,3,2020년 3월 6일 00시
강원,2,2020년 3월 6일 00시
경기,10,2020년 3월 6일 00시
세종,0,2020년 3월 6일 00시
울산,0,2020년 3월 6일 00시
대전,2,2020년 3월 6일 00시
광주,-1,2020년 3월 6일 00시
인천,0,2020년 3월 6일 00시
대구,367,2020년 3월 6일 00시
부산,3,2020년 3월 6일 00시
서울,2,2020년 3월 6일 00시
합계,518,2020년 3월 6일 00시
제주,1,2020년 3월 5일 00시
경남,9,2020년 3월 5일 00시
경북,87,2020년 3월 5일 00시
전남,-1,2020년 3월 5일 00시
전북,0,2020년 3월 5일 00시
충남,4,2020년 3월 5일 00시
충북,1,2020년 3월 5일 00시
강원,2,2020년 3월 5일 00시
경기,9,2020년 3월 5일 00시
세종,0,2020년 3월 5일 00시
울산,0,2020년 3월 5일 00시
대전,1,2020년 3월 5일 00시
광주,1,2020년 3월 5일 00시
인천,0,2020년 3월 5일 00시
대구,321,2020년 3월 5일 00시
부산,-1,2020년 3월 5일 00시
서울,4,2020년 3월 5일 00시
합계,438,2020년 3월 5일 00시
제주,0,2020년 3월 4일 00시
경남,1,2020년 3월 4일 00시
경북,89,2020년 3월 4일 00시
전남,0,2020년 3월 4일 00시
전북,0,2020년 3월 4일 00시
충남,1,2020년 3월 4일 00시
충북,0,2020년 3월 4일 00시
강원,1,2020년 3월 4일 00시
경기,7,2020년 3월 4일 00시
세종,0,2020년 3월 4일 00시
울산,3,2020년 3월 4일 00시
대전,1,2020년 3월 4일 00시
광주,2,2020년 3월 4일 00시
인천,2,2020년 3월 4일 00시
대구,405,2020년 3월 4일 00시
부산,3,2020년 3월 4일 00시
서울,1,2020년 3월 4일 00시
합계,516,2020년 3월 4일 00시
검역,0,2020년 3월 1일 16시
제주,0,2020년 3월 1일 16시
경남,4,2020년 3월 1일 16시
경북,67,2020년 3월 1일 16시
전남,0,2020년 3월 1일 16시
전북,1,2020년 3월 1일 16시
충남,13,2020년 3월 1일 16시
충북,1,2020년 3월 1일 16시
강원,8,2020년 3월 1일 16시
경기,7,2020년 3월 1일 16시
세종,0,2020년 3월 1일 16시
울산,3,2020년 3월 1일 16시
대전,0,2020년 3월 1일 16시
광주,0,2020년 3월 1일 16시
인천,0,2020년 3월 1일 16시
대구,469,2020년 3월 1일 16시
부산,3,2020년 3월 1일 16시
서울,10,2020년 3월 1일 16시
합계,586,2020년 3월 1일 16시
